﻿<?xml version="1.0" encoding="UTF-8"?>
<gmd:MD_Metadata xmlns:gmd="http://www.isotc211.org/2005/gmd" xmlns:gco="http://www.isotc211.org/2005/gco" xmlns:srv="http://www.isotc211.org/2005/srv" xmlns:gml="http://www.opengis.net/gml/3.2" xmlns:xlink="http://www.w3.org/1999/xlink">
	<gmd:fileIdentifier>
		<gco:CharacterString>{8F422AFE-95CF-4D7A-84AB-E4AA6725BA36}</gco:CharacterString>
	</gmd:fileIdentifier>
	<gmd:language>
		<gmd:LanguageCode codeList="http://standards.iso.org/ittf/PubliclyAvailableStandards/ISO_19139_Schemas/resources/Codelist/ML_gmxCodelists.xml#LanguageCode" codeListValue="eng">eng</gmd:LanguageCode>
	</gmd:language>
	<gmd:hierarchyLevel>
		<gmd:MD_ScopeCode codeSpace="ISOTC211/19115" codeList="http://www.isotc211.org/2005/resources/Codelist/gmxCodelists.xml#MD_ScopeCode" codeListValue="service">service</gmd:MD_ScopeCode>
	</gmd:hierarchyLevel>
	<gmd:contact>
		<gmd:CI_ResponsibleParty>
			<gmd:organisationName>
				<gco:CharacterString>Office for National Statistics</gco:CharacterString>
			</gmd:organisationName>
			<gmd:contactInfo>
				<gmd:CI_Contact>
					<gmd:address>
						<gmd:CI_Address>
							<gmd:electronicMailAddress>
								<gco:CharacterString>ons.geography@ons.gsi.gov.uk</gco:CharacterString>
							</gmd:electronicMailAddress>
						</gmd:CI_Address>
					</gmd:address>
				</gmd:CI_Contact>
			</gmd:contactInfo>
			<gmd:role>
				<gmd:CI_RoleCode codeSpace="ISOTC211/19115" codeList="http://www.isotc211.org/2005/resources/Codelist/gmxCodelists.xml#CI_RoleCode" codeListValue="pointOfContact">pointOfContact</gmd:CI_RoleCode>
			</gmd:role>
		</gmd:CI_ResponsibleParty>
	</gmd:contact>
	<gmd:dateStamp>
		<gco:Date>2014-12-11</gco:Date>
	</gmd:dateStamp>
	<gmd:metadataStandardName>
		<gco:CharacterString>UK GEMINI</gco:CharacterString>
	</gmd:metadataStandardName>
	<gmd:metadataStandardVersion>
		<gco:CharacterString>2.1</gco:CharacterString>
	</gmd:metadataStandardVersion>
	<gmd:referenceSystemInfo>
		<gmd:MD_ReferenceSystem>
			<gmd:referenceSystemIdentifier>
				<gmd:RS_Identifier>
					<gmd:code>
						<gco:CharacterString>27700</gco:CharacterString>
					</gmd:code>
				</gmd:RS_Identifier>
			</gmd:referenceSystemIdentifier>
		</gmd:MD_ReferenceSystem>
	</gmd:referenceSystemInfo>
	<gmd:identificationInfo>
		<srv:SV_ServiceIdentification>
			<gmd:citation>
				<gmd:CI_Citation>
					<gmd:title>
						<gco:CharacterString>NUTS, level 3 (E+W) Jan 2015 Boundaries (Full, Extent)</gco:CharacterString>
					</gmd:title>
					<gmd:alternateTitle>
						<gco:CharacterString>NUTS, level 3 (E+W) Jan 2015 Boundaries (Full, Extent)</gco:CharacterString>
					</gmd:alternateTitle>
					<gmd:alternateTitle>
						<gco:CharacterString>NUTS3_JAN_2015_EW_BFE</gco:CharacterString>
					</gmd:alternateTitle>
					<gmd:date>
						<gmd:CI_Date>
							<gmd:date>
								<gco:Date>2015-01-01</gco:Date>
							</gmd:date>
							<gmd:dateType>
								<gmd:CI_DateTypeCode codeSpace="ISOTC211/19115" codeList="http://www.isotc211.org/2005/resources/Codelist/gmxCodelists.xml#CI_DateTypeCode" codeListValue="publication">publication</gmd:CI_DateTypeCode>
							</gmd:dateType>
						</gmd:CI_Date>
					</gmd:date>
				</gmd:CI_Citation>
			</gmd:citation>
			<gmd:abstract>
				<gco:CharacterString>This file contains the digital vector boundaries for the Nomenclature of Territorial Units for Statistics level 3 (NUTS3) areas in England and Wales as at January 2015.  NUTS is a hierarchical classification of spatial units that provides a breakdown of the European Union&apos;s territory for the purposes of producing comparable regional statistics. A review of NUTS areas in 2013 resulted in a number of changes that will be made to the level 2 (NUTS2) and NUTS3 areas in England (Wales has remained unchanged). There are 145 NUTS3 areas in England and Wales (133 in England and 12 in Wales). Please note, ONS use the operational date to describe the NUTS geography (i.e. January 2015), but Eurostat use the date of the review that introduced the changes (i.e. NUTS 2013).  For further information on Eurostat dating of products, please see the link contained within the &apos;Distribution&apos; section further down the page.  The boundaries are full resolution, making them suitable for detailed analytical work. They are also &apos;extent of the realm&apos; (usually this is the Mean Low Water mark but in some cases boundaries extend beyond this to include offshore islands).Please note that this product contains both Ordnance Survey and ONS Intellectual Property Rights.</gco:CharacterString>
			</gmd:abstract>
			<gmd:pointOfContact>
				<gmd:CI_ResponsibleParty>
					<gmd:individualName>
						<gco:CharacterString>ONS Geography Customer Services</gco:CharacterString>
					</gmd:individualName>
					<gmd:organisationName>
						<gco:CharacterString>Office for National Statistics</gco:CharacterString>
					</gmd:organisationName>
					<gmd:contactInfo>
						<gmd:CI_Contact>
							<gmd:phone>
								<gmd:CI_Telephone>
									<gmd:voice>
										<gco:CharacterString>+44 (0)1329 444971</gco:CharacterString>
									</gmd:voice>
								</gmd:CI_Telephone>
							</gmd:phone>
							<gmd:address>
								<gmd:CI_Address>
									<gmd:deliveryPoint>
										<gco:CharacterString>Segensworth Road, Titchfield</gco:CharacterString>
									</gmd:deliveryPoint>
									<gmd:city>
										<gco:CharacterString>Fareham</gco:CharacterString>
									</gmd:city>
									<gmd:administrativeArea>
										<gco:CharacterString>Hampshire</gco:CharacterString>
									</gmd:administrativeArea>
									<gmd:postalCode>
										<gco:CharacterString>PO15 5RR</gco:CharacterString>
									</gmd:postalCode>
									<gmd:country>
										<gco:CharacterString>United Kingdom</gco:CharacterString>
									</gmd:country>
									<gmd:electronicMailAddress>
										<gco:CharacterString>ons.geography@ons.gsi.gov.uk</gco:CharacterString>
									</gmd:electronicMailAddress>
								</gmd:CI_Address>
							</gmd:address>
							<gmd:onlineResource>
								<gmd:CI_OnlineResource>
									<gmd:linkage>
										<gmd:URL>https://mapping.statistics.gov.uk/arcgis/services/NUTS3/NUTS3_JAN_2015_EW_BFE/MapServer/WMSServer?request=GetCapabilities&amp;service=WMS</gmd:URL>
									</gmd:linkage>
								</gmd:CI_OnlineResource>
							</gmd:onlineResource>
						</gmd:CI_Contact>
					</gmd:contactInfo>
					<gmd:role>
						<gmd:CI_RoleCode codeSpace="ISOTC211/19115" codeList="http://www.isotc211.org/2005/resources/Codelist/gmxCodelists.xml#CI_RoleCode" codeListValue="pointOfContact">pointOfContact</gmd:CI_RoleCode>
					</gmd:role>
				</gmd:CI_ResponsibleParty>
			</gmd:pointOfContact>
			<gmd:resourceMaintenance>
				<gmd:MD_MaintenanceInformation>
					<gmd:maintenanceAndUpdateFrequency>
						<gmd:MD_MaintenanceFrequencyCode codeSpace="ISOTC211/19115" codeList="http://www.isotc211.org/2005/resources/Codelist/gmxCodelists.xml#MD_MaintenanceFrequencyCode" codeListValue="asNeeded">asNeeded</gmd:MD_MaintenanceFrequencyCode>
					</gmd:maintenanceAndUpdateFrequency>
				</gmd:MD_MaintenanceInformation>
			</gmd:resourceMaintenance>
			<gmd:descriptiveKeywords>
				<gmd:MD_Keywords>
					<gmd:keyword>
						<gco:CharacterString>infoMapAccessService</gco:CharacterString>
					</gmd:keyword>
					<gmd:thesaurusName>
						<gmd:CI_Citation>
							<gmd:title>
								<gco:CharacterString>ISO 19119 service taxonomy</gco:CharacterString>
							</gmd:title>
							<gmd:date>
								<gmd:CI_Date>
									<gmd:date>
										<gco:Date>2003</gco:Date>
									</gmd:date>
									<gmd:dateType>
										<gmd:CI_DateTypeCode codeList="http://standards.iso.org/ittf/PubliclyAvailableStandards/ISO_19139_Schemas/resources/Codelist/ML_gmxCodelists.xml#CI_DateTypeCode" codeListValue="publication">publication</gmd:CI_DateTypeCode>
									</gmd:dateType>
								</gmd:CI_Date>
							</gmd:date>
						</gmd:CI_Citation>
					</gmd:thesaurusName>
				</gmd:MD_Keywords>
			</gmd:descriptiveKeywords>
			<gmd:descriptiveKeywords>
				<gmd:MD_Keywords>
					<gmd:keyword>
						<gco:CharacterString>Statistical units</gco:CharacterString>
					</gmd:keyword>
					<gmd:keyword>
						<gco:CharacterString>Geographical names</gco:CharacterString>
					</gmd:keyword>
					<gmd:thesaurusName>
						<gmd:CI_Citation>
							<gmd:title>
								<gco:CharacterString>GEMET - Concepts, version 2.4</gco:CharacterString>
							</gmd:title>
							<gmd:date>
								<gmd:CI_Date>
									<gmd:date>
										<gco:Date>2010-01-13</gco:Date>
									</gmd:date>
									<gmd:dateType>
										<gmd:CI_DateTypeCode codeList="http://standards.iso.org/ittf/PubliclyAvailableStandards/ISO_19139_Schemas/resources/Codelist/ML_gmxCodelists.xml#CI_DateTypeCode" codeListValue="publication">publication</gmd:CI_DateTypeCode>
									</gmd:dateType>
								</gmd:CI_Date>
							</gmd:date>
						</gmd:CI_Citation>
					</gmd:thesaurusName>
				</gmd:MD_Keywords>
			</gmd:descriptiveKeywords>
			<gmd:descriptiveKeywords>
				<gmd:MD_Keywords>
					<gmd:keyword>
						<gco:CharacterString>Nomenclature of Territorial Units for Statistics</gco:CharacterString>
					</gmd:keyword>
					<gmd:keyword>
						<gco:CharacterString>level 3</gco:CharacterString>
					</gmd:keyword>
					<gmd:keyword>
						<gco:CharacterString>NUTS</gco:CharacterString>
					</gmd:keyword>
					<gmd:keyword>
						<gco:CharacterString>level 3</gco:CharacterString>
					</gmd:keyword>
					<gmd:keyword>
						<gco:CharacterString>NUTS3</gco:CharacterString>
					</gmd:keyword>
					<gmd:keyword>
						<gco:CharacterString>England and Wales</gco:CharacterString>
					</gmd:keyword>
					<gmd:keyword>
						<gco:CharacterString>EW</gco:CharacterString>
					</gmd:keyword>
					<gmd:keyword>
						<gco:CharacterString>E+W</gco:CharacterString>
					</gmd:keyword>
				</gmd:MD_Keywords>
			</gmd:descriptiveKeywords>
			<gmd:resourceConstraints>
				<gmd:MD_Constraints>
					<gmd:useLimitation>
						<gco:CharacterString>Licence, http://www.nationalarchives.gov.uk/doc/open-government-licence/, Contains National Statistics data © Crown copyright and database right [2014], http://www.ordnancesurvey.co.uk/oswebsite/docs/licences/os-opendata-licence.pdf, Contains Ordnance Survey data © Crown copyright and database right [2014]</gco:CharacterString>
					</gmd:useLimitation>
				</gmd:MD_Constraints>
			</gmd:resourceConstraints>
			<gmd:resourceConstraints>
				<gmd:MD_LegalConstraints>
					<gmd:accessConstraints>
						<gmd:MD_RestrictionCode codeSpace="ISOTC211/19115" codeList="http://www.isotc211.org/2005/resources/Codelist/gmxCodelists.xml#MD_RestrictionCode" codeListValue="otherRestrictions">otherRestrictions</gmd:MD_RestrictionCode>
					</gmd:accessConstraints>
					<gmd:otherConstraints>
						<gco:CharacterString>Other restrictions</gco:CharacterString>
					</gmd:otherConstraints>
				</gmd:MD_LegalConstraints>
			</gmd:resourceConstraints>
			<srv:serviceType>
				<gco:LocalName>download</gco:LocalName>
			</srv:serviceType>
			<srv:extent>
				<gmd:EX_Extent>
					<gmd:geographicElement>
						<gmd:EX_GeographicBoundingBox>
							<gmd:westBoundLongitude>
								<gco:Decimal>-6.1819</gco:Decimal>
							</gmd:westBoundLongitude>
							<gmd:eastBoundLongitude>
								<gco:Decimal>2.8181</gco:Decimal>
							</gmd:eastBoundLongitude>
							<gmd:southBoundLatitude>
								<gco:Decimal>49.2914</gco:Decimal>
							</gmd:southBoundLatitude>
							<gmd:northBoundLatitude>
								<gco:Decimal>55.1209</gco:Decimal>
							</gmd:northBoundLatitude>
						</gmd:EX_GeographicBoundingBox>
					</gmd:geographicElement>
					<gmd:temporalElement>
						<gmd:EX_TemporalExtent>
							<gmd:extent>
								<gml:TimePeriod gml:id="Temporal">
									<gml:beginPosition>2015-01-01</gml:beginPosition>
									<gml:endPosition>2015-01-01</gml:endPosition>
								</gml:TimePeriod>
							</gmd:extent>
						</gmd:EX_TemporalExtent>
					</gmd:temporalElement>
				</gmd:EX_Extent>
			</srv:extent>
			<srv:couplingType gco:nilReason="missing"/>
			<srv:containsOperations gco:nilReason="missing"/>
			<srv:operatesOn xlink:href="https://mapping.statistics.gov.uk/arcgis/services/NUTS3/NUTS3_JAN_2015_EW_BFE/MapServer/WMSServer?request=GetCapabilities&amp;service=WMS"/>
		</srv:SV_ServiceIdentification>
	</gmd:identificationInfo>
	<gmd:distributionInfo>
		<gmd:MD_Distribution>
			<gmd:distributionFormat>
				<gmd:MD_Format>
					<gmd:name>
						<gco:CharacterString>ArcGIS</gco:CharacterString>
					</gmd:name>
					<gmd:version>
						<gco:CharacterString>10.1</gco:CharacterString>
					</gmd:version>
				</gmd:MD_Format>
			</gmd:distributionFormat>
			<gmd:transferOptions>
				<gmd:MD_DigitalTransferOptions>
					<gmd:onLine>
						<gmd:CI_OnlineResource>
							<gmd:linkage>
								<gmd:URL>https://mapping.statistics.gov.uk/arcgis/services/NUTS3/NUTS3_JAN_2015_EW_BFE/MapServer/WMSServer?request=GetCapabilities&amp;service=WMS</gmd:URL>
							</gmd:linkage>
							<gmd:function>
								<gmd:CI_OnLineFunctionCode codeSpace="ISOTC211/19115" codeList="http://www.isotc211.org/2005/resources/Codelist/gmxCodelists.xml#CI_OnLineFunctionCode" codeListValue="information">information</gmd:CI_OnLineFunctionCode>
							</gmd:function>
						</gmd:CI_OnlineResource>
					</gmd:onLine>
					<gmd:onLine>
						<gmd:CI_OnlineResource>
							<gmd:linkage>
								<gmd:URL>https://geoportal.statistics.gov.uk/Docs/Boundaries/NUTS_level_3_(E+W)_Jan_2015_Boundaries_(Full_Extent).zip</gmd:URL>
							</gmd:linkage>
							<gmd:function>
								<gmd:CI_OnLineFunctionCode codeSpace="ISOTC211/19115" codeList="http://www.isotc211.org/2005/resources/Codelist/gmxCodelists.xml#CI_OnLineFunctionCode" codeListValue="download">download</gmd:CI_OnLineFunctionCode>
							</gmd:function>
						</gmd:CI_OnlineResource>
					</gmd:onLine>
					<gmd:onLine>
						<gmd:CI_OnlineResource>
							<gmd:linkage>
								<gmd:URL>http://epp.eurostat.ec.europa.eu/portal/page/portal/nuts_nomenclature/history_nuts</gmd:URL>
							</gmd:linkage>
							<gmd:function>
								<gmd:CI_OnLineFunctionCode codeSpace="ISOTC211/19115" codeList="http://www.isotc211.org/2005/resources/Codelist/gmxCodelists.xml#CI_OnLineFunctionCode" codeListValue="information">information</gmd:CI_OnLineFunctionCode>
							</gmd:function>
						</gmd:CI_OnlineResource>
					</gmd:onLine>
					<gmd:onLine>
						<gmd:CI_OnlineResource>
							<gmd:linkage>
								<gmd:URL>http://www.ons.gov.uk/ons/guide-method/geography/beginner-s-guide/eurostat/index.html</gmd:URL>
							</gmd:linkage>
							<gmd:function>
								<gmd:CI_OnLineFunctionCode codeSpace="ISOTC211/19115" codeList="http://www.isotc211.org/2005/resources/Codelist/gmxCodelists.xml#CI_OnLineFunctionCode" codeListValue="information">information</gmd:CI_OnLineFunctionCode>
							</gmd:function>
						</gmd:CI_OnlineResource>
					</gmd:onLine>
				</gmd:MD_DigitalTransferOptions>
			</gmd:transferOptions>
		</gmd:MD_Distribution>
	</gmd:distributionInfo>
	<gmd:dataQualityInfo>
		<gmd:DQ_DataQuality>
			<gmd:scope>
				<gmd:DQ_Scope>
					<gmd:level>
						<gmd:MD_ScopeCode codeSpace="ISOTC211/19115" codeList="http://www.isotc211.org/2005/resources/Codelist/gmxCodelists.xml#MD_ScopeCode" codeListValue="service">service</gmd:MD_ScopeCode>
					</gmd:level>
				</gmd:DQ_Scope>
			</gmd:scope>
			<gmd:report>
				<gmd:DQ_DomainConsistency>
					<gmd:result>
						<gmd:DQ_ConformanceResult>
							<gmd:specification>
								<gmd:CI_Citation>
									<gmd:title>
										<gco:CharacterString>COMMISSION REGULATION (EU) No 1089/2010 of 23 November 2010 implementing Directive 2007/2/EC of the European Parliament and of the Council as regards interoperability of spatial data sets and services</gco:CharacterString>
									</gmd:title>
									<gmd:date>
										<gmd:CI_Date>
											<gmd:date>
												<gco:Date>2010-12-08</gco:Date>
											</gmd:date>
											<gmd:dateType>
												<gmd:CI_DateTypeCode codeSpace="ISOTC211/19115" codeList="http://www.isotc211.org/2005/resources/Codelist/gmxCodelists.xml#CI_DateTypeCode" codeListValue="publication">publication</gmd:CI_DateTypeCode>
											</gmd:dateType>
										</gmd:CI_Date>
									</gmd:date>
								</gmd:CI_Citation>
							</gmd:specification>
							<gmd:explanation>
								<gco:CharacterString>http://eur-lex.europa.eu/LexUriServ/LexUriServ.do?uri=OJ:L:2010:323:0011:0102:EN:PDF</gco:CharacterString>
							</gmd:explanation>
							<gmd:pass>
								<gco:Boolean>false</gco:Boolean>
							</gmd:pass>
						</gmd:DQ_ConformanceResult>
					</gmd:result>
				</gmd:DQ_DomainConsistency>
			</gmd:report>
			<gmd:lineage>
				<gmd:LI_Lineage>
					<gmd:statement>
						<gco:CharacterString>This dataset was built from ONS Geography&apos;s corrected version of Ordnance Survey BoundaryLine 2013.</gco:CharacterString>
					</gmd:statement>
				</gmd:LI_Lineage>
			</gmd:lineage>
		</gmd:DQ_DataQuality>
	</gmd:dataQualityInfo>
</gmd:MD_Metadata>

