<?xml version="1.0" encoding="UTF-8"?>
<metadata xml:lang="pt"><Esri><CreaDate>20130911</CreaDate><CreaTime>15301800</CreaTime><SyncOnce>FALSE</SyncOnce><SyncDate>20130702</SyncDate><SyncTime>15414400</SyncTime><ModDate>20130702</ModDate><ModTime>15414400</ModTime><DataProperties><lineage><Process ToolSource="C:\Program Files\ArcGIS\ArcToolbox\Toolboxes\Data Management Tools.tbx\CopyFeatures" Date="20090702" Time="105059">CopyFeatures "Database Connections\edicao_caop@bd_caop@cad109.sde\BD_CAOP.EDICAO_CAOP.CENTROIDE_C" "Database Connections\edicao_caop@bd_caop@cad109.sde\bd_caop.EDICAO_CAOP.Continente\bd_caop.EDICAO_CAOP.BD_CAOP_EDICAO_CAOP_CENTROIDE_C" # 0 0 0</Process><Process ToolSource="C:\Program Files\ArcGIS\ArcToolbox\Toolboxes\Data Management Tools.tbx\CopyFeatures" Date="20100305" Time="122617">CopyFeatures "Database Connections\edicao_caop@bd_caop@cad109.sde\bd_caop.EDICAO_CAOP.Continente\bd_caop.EDICAO_CAOP.CENTROIDE" "Database Connections\edicao_caop@bd_caop@cad109.sde\bd_caop.EDICAO_CAOP.Continente2010\bd_caop.EDICAO_CAOP.bd_caop_EDICAO_CAOP_CENTROIDE" # 0 0 0</Process><Process ToolSource="C:\Program Files\ArcGIS\ArcToolbox\Toolboxes\Data Management Tools.tbx\CopyFeatures" Date="20120315" Time="110029">CopyFeatures "Database Connections\Connection to Cad109.sde\bd_caop.EDICAO_CAOP.Continente2010\bd_caop.EDICAO_CAOP.CENTROIDE_2010" C:\zona_trabalho\caop\CAOP2012\GDB_final_CAOP20120_13032012\caop2012.mdb\bd_caop_EDICAO_CAOP_CENTROIDE_2010 # 0 0 0</Process><Process ToolSource="C:\Program Files\ArcGIS\ArcToolbox\Toolboxes\Data Management Tools.tbx\CopyFeatures" Date="20120727" Time="154904">CopyFeatures C:\CAOP20121\caop2012_1.mdb\top\bd_caop_EDICAO_CAOP_CENTROIDE_2010 C:\CAOP20121\CAOP20121_final.mdb\bd_caop_EDICAO_CAOP_CENTROIDE_2010 # 0 0 0</Process><Process ToolSource="C:\Program Files (x86)\ArcGIS\Desktop10.0\ArcToolbox\Toolboxes\Data Management Tools.tbx\CopyFeatures" Date="20130117" Time="134935">CopyFeatures C:\CAOP2013\GDB\CAOP20121_final.mdb\CENTROIDE_2010 "Database Connections\caop@caop2013@cad108.sde\caop2013.CAOP.caop2013\caop2013.CAOP.CENTROIDE_2010" # 0 0 0</Process><Process ToolSource="C:\Program Files (x86)\ArcGIS\Desktop10.0\ArcToolbox\Toolboxes\Data Management Tools.tbx\CalculateField" Date="20130130" Time="094328">CalculateField caop2013.CAOP.CENTROIDE_2013 Novo_Codigo "080608" VB #</Process><Process ToolSource="C:\Program Files (x86)\ArcGIS\Desktop10.0\ArcToolbox\Toolboxes\Data Management Tools.tbx\CalculateField" Date="20130130" Time="094556">CalculateField caop2013.CAOP.CENTROIDE_2013 Novo_Codigo "080707" VB #</Process><Process ToolSource="C:\Program Files (x86)\ArcGIS\Desktop10.0\ArcToolbox\Toolboxes\Data Management Tools.tbx\CalculateField" Date="20130130" Time="094647">CalculateField caop2013.CAOP.CENTROIDE_2013 Novo_Codigo "080708" VB #</Process><Process ToolSource="C:\Program Files (x86)\ArcGIS\Desktop10.0\ArcToolbox\Toolboxes\Data Management Tools.tbx\CalculateField" Date="20130130" Time="134409">CalculateField caop2013.CAOP.CENTROIDE_2013 Novo_Codigo "111512" VB #</Process><Process ToolSource="C:\Program Files (x86)\ArcGIS\Desktop10.0\ArcToolbox\Toolboxes\Data Management Tools.tbx\CalculateField" Date="20130130" Time="134603">CalculateField caop2013.CAOP.CENTROIDE_2013 Novo_Codigo "111513" VB #</Process><Process ToolSource="C:\Program Files (x86)\ArcGIS\Desktop10.0\ArcToolbox\Toolboxes\Data Management Tools.tbx\CalculateField" Date="20130130" Time="134644">CalculateField caop2013.CAOP.CENTROIDE_2013 Novo_Codigo "111514" VB #</Process><Process ToolSource="C:\Program Files (x86)\ArcGIS\Desktop10.0\ArcToolbox\Toolboxes\Data Management Tools.tbx\CalculateField" Date="20130130" Time="134702">CalculateField caop2013.CAOP.CENTROIDE_2013 Novo_Codigo "111515" VB #</Process><Process ToolSource="C:\Program Files (x86)\ArcGIS\Desktop10.0\ArcToolbox\Toolboxes\Data Management Tools.tbx\CalculateField" Date="20130130" Time="134755">CalculateField caop2013.CAOP.CENTROIDE_2013 Novo_Codigo "111516" VB #</Process><Process ToolSource="C:\Program Files (x86)\ArcGIS\Desktop10.0\ArcToolbox\Toolboxes\Data Management Tools.tbx\CalculateField" Date="20130130" Time="134825">CalculateField caop2013.CAOP.CENTROIDE_2013 Novo_Codigo "111517" VB #</Process><Process ToolSource="C:\Program Files (x86)\ArcGIS\Desktop10.0\ArcToolbox\Toolboxes\Data Management Tools.tbx\CalculateField" Date="20130130" Time="135152">CalculateField caop2013.CAOP.CENTROIDE_2013 Novo_Codigo "100617" VB #</Process><Process ToolSource="C:\Program Files (x86)\ArcGIS\Desktop10.0\ArcToolbox\Toolboxes\Data Management Tools.tbx\CalculateField" Date="20130130" Time="135254">CalculateField caop2013.CAOP.CENTROIDE_2013 Novo_Codigo "100618" VB #</Process><Process ToolSource="C:\Program Files (x86)\ArcGIS\Desktop10.0\ArcToolbox\Toolboxes\Data Management Tools.tbx\CalculateField" Date="20130130" Time="135337">CalculateField caop2013.CAOP.CENTROIDE_2013 Novo_Codigo "100619" VB #</Process><Process ToolSource="C:\Program Files (x86)\ArcGIS\Desktop10.0\ArcToolbox\Toolboxes\Data Management Tools.tbx\CalculateField" Date="20130130" Time="135526">CalculateField caop2013.CAOP.CENTROIDE_2013 Novo_Codigo "170353" VB #</Process><Process ToolSource="C:\Program Files (x86)\ArcGIS\Desktop10.0\ArcToolbox\Toolboxes\Data Management Tools.tbx\CalculateField" Date="20130130" Time="135642">CalculateField caop2013.CAOP.CENTROIDE_2013 Novo_Codigo "170354" VB #</Process><Process ToolSource="C:\Program Files (x86)\ArcGIS\Desktop10.0\ArcToolbox\Toolboxes\Data Management Tools.tbx\CalculateField" Date="20130130" Time="135709">CalculateField caop2013.CAOP.CENTROIDE_2013 Novo_Codigo "170355" VB #</Process><Process ToolSource="C:\Program Files (x86)\ArcGIS\Desktop10.0\ArcToolbox\Toolboxes\Data Management Tools.tbx\CalculateField" Date="20130130" Time="135756">CalculateField caop2013.CAOP.CENTROIDE_2013 Novo_Codigo "170356" VB #</Process><Process ToolSource="C:\Program Files (x86)\ArcGIS\Desktop10.0\ArcToolbox\Toolboxes\Data Management Tools.tbx\CalculateField" Date="20130130" Time="135826">CalculateField caop2013.CAOP.CENTROIDE_2013 Novo_Codigo "170357" VB #</Process><Process ToolSource="C:\Program Files (x86)\ArcGIS\Desktop10.0\ArcToolbox\Toolboxes\Data Management Tools.tbx\CalculateField" Date="20130130" Time="135913">CalculateField caop2013.CAOP.CENTROIDE_2013 Novo_Codigo "170358" VB #</Process><Process ToolSource="C:\Program Files (x86)\ArcGIS\Desktop10.0\ArcToolbox\Toolboxes\Data Management Tools.tbx\CalculateField" Date="20130130" Time="135948">CalculateField caop2013.CAOP.CENTROIDE_2013 Novo_Codigo "170359" VB #</Process><Process ToolSource="C:\Program Files (x86)\ArcGIS\Desktop10.0\ArcToolbox\Toolboxes\Data Management Tools.tbx\CalculateField" Date="20130130" Time="140027">CalculateField caop2013.CAOP.CENTROIDE_2013 Novo_Codigo "170360" VB #</Process><Process ToolSource="C:\Program Files (x86)\ArcGIS\Desktop10.0\ArcToolbox\Toolboxes\Data Management Tools.tbx\CalculateField" Date="20130130" Time="140100">CalculateField caop2013.CAOP.CENTROIDE_2013 Novo_Codigo "170361" VB #</Process><Process ToolSource="C:\Program Files (x86)\ArcGIS\Desktop10.0\ArcToolbox\Toolboxes\Data Management Tools.tbx\CalculateField" Date="20130130" Time="140513">CalculateField caop2013.CAOP.CENTROIDE_2013 Novo_Codigo "060519" VB #</Process><Process ToolSource="C:\Program Files (x86)\ArcGIS\Desktop10.0\ArcToolbox\Toolboxes\Data Management Tools.tbx\CalculateField" Date="20130130" Time="140605">CalculateField caop2013.CAOP.CENTROIDE_2013 Novo_Codigo "060520" VB #</Process><Process ToolSource="C:\Program Files (x86)\ArcGIS\Desktop10.0\ArcToolbox\Toolboxes\Data Management Tools.tbx\CalculateField" Date="20130130" Time="140950">CalculateField caop2013.CAOP.CENTROIDE_2013 Novo_Codigo "060521" VB #</Process><Process ToolSource="C:\Program Files (x86)\ArcGIS\Desktop10.0\ArcToolbox\Toolboxes\Data Management Tools.tbx\CalculateField" Date="20130130" Time="141014">CalculateField caop2013.CAOP.CENTROIDE_2013 Novo_Codigo "060522" VB #</Process><Process ToolSource="C:\Program Files (x86)\ArcGIS\Desktop10.0\ArcToolbox\Toolboxes\Data Management Tools.tbx\CalculateField" Date="20130130" Time="141042">CalculateField caop2013.CAOP.CENTROIDE_2013 Novo_Codigo "060523" VB #</Process><Process ToolSource="C:\Program Files (x86)\ArcGIS\Desktop10.0\ArcToolbox\Toolboxes\Data Management Tools.tbx\CalculateField" Date="20130130" Time="141053">CalculateField caop2013.CAOP.CENTROIDE_2013 Novo_Codigo "060524" VB #</Process><Process ToolSource="C:\Program Files (x86)\ArcGIS\Desktop10.0\ArcToolbox\Toolboxes\Data Management Tools.tbx\CalculateField" Date="20130130" Time="141329">CalculateField caop2013.CAOP.CENTROIDE_2013 Novo_Codigo "141110" VB #</Process><Process ToolSource="C:\Program Files (x86)\ArcGIS\Desktop10.0\ArcToolbox\Toolboxes\Data Management Tools.tbx\CalculateField" Date="20130130" Time="141359">CalculateField caop2013.CAOP.CENTROIDE_2013 Novo_Codigo "141111" VB #</Process><Process ToolSource="C:\Program Files (x86)\ArcGIS\Desktop10.0\ArcToolbox\Toolboxes\Data Management Tools.tbx\CalculateField" Date="20130130" Time="141601">CalculateField caop2013.CAOP.CENTROIDE_2013 Novo_Codigo "110654" VB #</Process><Process ToolSource="C:\Program Files (x86)\ArcGIS\Desktop10.0\ArcToolbox\Toolboxes\Data Management Tools.tbx\CalculateField" Date="20130130" Time="141646">CalculateField caop2013.CAOP.CENTROIDE_2013 Novo_Codigo "110655" VB #</Process><Process ToolSource="C:\Program Files (x86)\ArcGIS\Desktop10.0\ArcToolbox\Toolboxes\Data Management Tools.tbx\CalculateField" Date="20130130" Time="141707">CalculateField caop2013.CAOP.CENTROIDE_2013 Novo_Codigo "110656" VB #</Process><Process ToolSource="C:\Program Files (x86)\ArcGIS\Desktop10.0\ArcToolbox\Toolboxes\Data Management Tools.tbx\CalculateField" Date="20130130" Time="141743">CalculateField caop2013.CAOP.CENTROIDE_2013 Novo_Codigo "110657" VB #</Process><Process ToolSource="C:\Program Files (x86)\ArcGIS\Desktop10.0\ArcToolbox\Toolboxes\Data Management Tools.tbx\CalculateField" Date="20130130" Time="141802">CalculateField caop2013.CAOP.CENTROIDE_2013 Novo_Codigo "110658" VB #</Process><Process ToolSource="C:\Program Files (x86)\ArcGIS\Desktop10.0\ArcToolbox\Toolboxes\Data Management Tools.tbx\CalculateField" Date="20130130" Time="141829">CalculateField caop2013.CAOP.CENTROIDE_2013 Novo_Codigo "110659" VB #</Process><Process ToolSource="C:\Program Files (x86)\ArcGIS\Desktop10.0\ArcToolbox\Toolboxes\Data Management Tools.tbx\CalculateField" Date="20130130" Time="141847">CalculateField caop2013.CAOP.CENTROIDE_2013 Novo_Codigo "110660" VB #</Process><Process ToolSource="C:\Program Files (x86)\ArcGIS\Desktop10.0\ArcToolbox\Toolboxes\Data Management Tools.tbx\CalculateField" Date="20130130" Time="141942">CalculateField caop2013.CAOP.CENTROIDE_2013 Novo_Codigo "110661" VB #</Process><Process ToolSource="C:\Program Files (x86)\ArcGIS\Desktop10.0\ArcToolbox\Toolboxes\Data Management Tools.tbx\CalculateField" Date="20130130" Time="142137">CalculateField caop2013.CAOP.CENTROIDE_2013 Novo_Codigo "110662" VB #</Process><Process ToolSource="C:\Program Files (x86)\ArcGIS\Desktop10.0\ArcToolbox\Toolboxes\Data Management Tools.tbx\CalculateField" Date="20130130" Time="142240">CalculateField caop2013.CAOP.CENTROIDE_2013 Novo_Codigo "110663" VB #</Process><Process ToolSource="C:\Program Files (x86)\ArcGIS\Desktop10.0\ArcToolbox\Toolboxes\Data Management Tools.tbx\CalculateField" Date="20130130" Time="142330">CalculateField caop2013.CAOP.CENTROIDE_2013 Novo_Codigo "110664" VB #</Process><Process ToolSource="C:\Program Files (x86)\ArcGIS\Desktop10.0\ArcToolbox\Toolboxes\Data Management Tools.tbx\CalculateField" Date="20130130" Time="142429">CalculateField caop2013.CAOP.CENTROIDE_2013 Novo_Codigo "110665" VB #</Process><Process ToolSource="C:\Program Files (x86)\ArcGIS\Desktop10.0\ArcToolbox\Toolboxes\Data Management Tools.tbx\CalculateField" Date="20130130" Time="142445">CalculateField caop2013.CAOP.CENTROIDE_2013 Novo_Codigo "110666" VB #</Process><Process ToolSource="C:\Program Files (x86)\ArcGIS\Desktop10.0\ArcToolbox\Toolboxes\Data Management Tools.tbx\CalculateField" Date="20130130" Time="142512">CalculateField caop2013.CAOP.CENTROIDE_2013 Novo_Codigo "110667" VB #</Process><Process ToolSource="C:\Program Files (x86)\ArcGIS\Desktop10.0\ArcToolbox\Toolboxes\Data Management Tools.tbx\CalculateField" Date="20130130" Time="142638">CalculateField caop2013.CAOP.CENTROIDE_2013 Novo_Codigo "011005" VB #</Process><Process ToolSource="C:\Program Files (x86)\ArcGIS\Desktop10.0\ArcToolbox\Toolboxes\Data Management Tools.tbx\CalculateField" Date="20130130" Time="142711">CalculateField caop2013.CAOP.CENTROIDE_2013 Novo_Codigo "011006" VB #</Process><Process ToolSource="C:\Program Files (x86)\ArcGIS\Desktop10.0\ArcToolbox\Toolboxes\Data Management Tools.tbx\CalculateField" Date="20130130" Time="142728">CalculateField caop2013.CAOP.CENTROIDE_2013 Novo_Codigo "011007" VB #</Process><Process ToolSource="C:\Program Files (x86)\ArcGIS\Desktop10.0\ArcToolbox\Toolboxes\Data Management Tools.tbx\CalculateField" Date="20130130" Time="142758">CalculateField caop2013.CAOP.CENTROIDE_2013 Novo_Codigo "011008" VB #</Process><Process ToolSource="C:\Program Files (x86)\ArcGIS\Desktop10.0\ArcToolbox\Toolboxes\Data Management Tools.tbx\CalculateField" Date="20130130" Time="142909">CalculateField caop2013.CAOP.CENTROIDE_2013 Novo_Codigo "141203" VB #</Process><Process ToolSource="C:\Program Files (x86)\ArcGIS\Desktop10.0\ArcToolbox\Toolboxes\Data Management Tools.tbx\CalculateField" Date="20130130" Time="143057">CalculateField caop2013.CAOP.CENTROIDE_2013 Novo_Codigo "141629" VB #</Process><Process ToolSource="C:\Program Files (x86)\ArcGIS\Desktop10.0\ArcToolbox\Toolboxes\Data Management Tools.tbx\CalculateField" Date="20130130" Time="143155">CalculateField caop2013.CAOP.CENTROIDE_2013 Novo_Codigo "141630" VB #</Process><Process ToolSource="C:\Program Files (x86)\ArcGIS\Desktop10.0\ArcToolbox\Toolboxes\Data Management Tools.tbx\CalculateField" Date="20130130" Time="143231">CalculateField caop2013.CAOP.CENTROIDE_2013 Novo_Codigo "141631" VB #</Process><Process ToolSource="C:\Program Files (x86)\ArcGIS\Desktop10.0\ArcToolbox\Toolboxes\Data Management Tools.tbx\CalculateField" Date="20130130" Time="143258">CalculateField caop2013.CAOP.CENTROIDE_2013 Novo_Codigo "141632" VB #</Process><Process ToolSource="C:\Program Files (x86)\ArcGIS\Desktop10.0\ArcToolbox\Toolboxes\Data Management Tools.tbx\CalculateField" Date="20130130" Time="143413">CalculateField caop2013.CAOP.CENTROIDE_2013 Novo_Codigo "141633" VB #</Process><Process ToolSource="C:\Program Files (x86)\ArcGIS\Desktop10.0\ArcToolbox\Toolboxes\Data Management Tools.tbx\CalculateField" Date="20130130" Time="143435">CalculateField caop2013.CAOP.CENTROIDE_2013 Novo_Codigo "141634" VB #</Process><Process ToolSource="C:\Program Files (x86)\ArcGIS\Desktop10.0\ArcToolbox\Toolboxes\Data Management Tools.tbx\CalculateField" Date="20130130" Time="143600">CalculateField caop2013.CAOP.CENTROIDE_2013 Novo_Codigo "170510" VB #</Process><Process ToolSource="C:\Program Files (x86)\ArcGIS\Desktop10.0\ArcToolbox\Toolboxes\Data Management Tools.tbx\CalculateField" Date="20130130" Time="143633">CalculateField caop2013.CAOP.CENTROIDE_2013 Novo_Codigo "170511" VB #</Process><Process ToolSource="C:\Program Files (x86)\ArcGIS\Desktop10.0\ArcToolbox\Toolboxes\Data Management Tools.tbx\CalculateField" Date="20130130" Time="143640">CalculateField caop2013.CAOP.CENTROIDE_2013 Novo_Codigo "170509" VB #</Process><Process ToolSource="C:\Program Files (x86)\ArcGIS\Desktop10.0\ArcToolbox\Toolboxes\Data Management Tools.tbx\CalculateField" Date="20130130" Time="143811">CalculateField caop2013.CAOP.CENTROIDE_2013 Novo_Codigo "021118" VB #</Process><Process ToolSource="C:\Program Files (x86)\ArcGIS\Desktop10.0\ArcToolbox\Toolboxes\Data Management Tools.tbx\CalculateField" Date="20130130" Time="143833">CalculateField caop2013.CAOP.CENTROIDE_2013 Novo_Codigo "021119" VB #</Process><Process ToolSource="C:\Program Files (x86)\ArcGIS\Desktop10.0\ArcToolbox\Toolboxes\Data Management Tools.tbx\CalculateField" Date="20130130" Time="143908">CalculateField caop2013.CAOP.CENTROIDE_2013 Novo_Codigo "021120" VB #</Process><Process ToolSource="C:\Program Files (x86)\ArcGIS\Desktop10.0\ArcToolbox\Toolboxes\Data Management Tools.tbx\CalculateField" Date="20130130" Time="143931">CalculateField caop2013.CAOP.CENTROIDE_2013 Novo_Codigo "021121" VB #</Process><Process ToolSource="C:\Program Files (x86)\ArcGIS\Desktop10.0\ArcToolbox\Toolboxes\Data Management Tools.tbx\CalculateField" Date="20130130" Time="144004">CalculateField caop2013.CAOP.CENTROIDE_2013 Novo_Codigo "021122" VB #</Process><Process ToolSource="C:\Program Files (x86)\ArcGIS\Desktop10.0\ArcToolbox\Toolboxes\Data Management Tools.tbx\CalculateField" Date="20130130" Time="144114">CalculateField caop2013.CAOP.CENTROIDE_2013 Novo_Codigo "011910" VB #</Process><Process ToolSource="c:\program files\arcgis\desktop10.1\ArcToolbox\Toolboxes\Data Management Tools.tbx\CalculateField" Date="20130130" Time="152821">CalculateField CENTROIDE_2013 TxtMemo [Novo_Codigo] VB #</Process><Process ToolSource="c:\program files\arcgis\desktop10.1\ArcToolbox\Toolboxes\Data Management Tools.tbx\CalculateField" Date="20130130" Time="155228">CalculateField CENTROIDE_2013 Novo_Codigo 171319 VB #</Process><Process ToolSource="c:\program files\arcgis\desktop10.1\ArcToolbox\Toolboxes\Data Management Tools.tbx\CalculateField" Date="20130130" Time="155238">CalculateField CENTROIDE_2013 TxtMemo 171319 VB #</Process><Process ToolSource="c:\program files\arcgis\desktop10.1\ArcToolbox\Toolboxes\Data Management Tools.tbx\CalculateField" Date="20130130" Time="155324">CalculateField CENTROIDE_2013 Novo_Codigo 171320 VB #</Process><Process ToolSource="c:\program files\arcgis\desktop10.1\ArcToolbox\Toolboxes\Data Management Tools.tbx\CalculateField" Date="20130130" Time="155328">CalculateField CENTROIDE_2013 TxtMemo 171320 VB #</Process><Process ToolSource="c:\program files\arcgis\desktop10.1\ArcToolbox\Toolboxes\Data Management Tools.tbx\CalculateField" Date="20130130" Time="155602">CalculateField CENTROIDE_2013 Novo_Codigo 182208 VB #</Process><Process ToolSource="c:\program files\arcgis\desktop10.1\ArcToolbox\Toolboxes\Data Management Tools.tbx\CalculateField" Date="20130130" Time="155606">CalculateField CENTROIDE_2013 TxtMemo 182208 VB #</Process><Process ToolSource="c:\program files\arcgis\desktop10.1\ArcToolbox\Toolboxes\Data Management Tools.tbx\CalculateField" Date="20130130" Time="155800">CalculateField CENTROIDE_2013 Novo_Codigo 142006 VB #</Process><Process ToolSource="c:\program files\arcgis\desktop10.1\ArcToolbox\Toolboxes\Data Management Tools.tbx\CalculateField" Date="20130130" Time="155803">CalculateField CENTROIDE_2013 TxtMemo 142006 VB #</Process><Process ToolSource="C:\Program Files (x86)\ArcGIS\Desktop10.0\ArcToolbox\Toolboxes\Data Management Tools.tbx\CopyFeatures" Date="20130214" Time="115723">CopyFeatures \\Igp-app\dsic\delimitacao_administrativa\CAOP\CAOP2013\preparacao_shapes_30janeiro2013\GDB_CAOP2013_30012013.mdb\caop2013\CENTROIDE_2013 "Database Connections\caop@caop2013@cad108.sde\caop2013.CAOP.CAOP2013\caop2013.CAOP.CENTROIDE_2013" # 0 0 0</Process><Process ToolSource="C:\Program Files (x86)\ArcGIS\Desktop10.0\ArcToolbox\Toolboxes\Data Management Tools.tbx\CopyFeatures" Date="20130625" Time="160749">CopyFeatures "Database Connections\caop@caop2013@cad108.sde\caop2013.CAOP.CAOP2013\caop2013.CAOP.CENTROIDE_2013" C:\CAOP_Versao2013.mdb\CENTROIDE_2013 # 0 0 0</Process><Process Name="Feature To Polygon" ToolSource="C:\Program Files (x86)\ArcGIS\Desktop10.0\ArcToolbox\Toolboxes\Data Management Tools.tbx\FeatureToPolygon" Date="20130701" Time="152420">FeatureToPolygon C:\CAOP_Versao2013.mdb\TROCO_2013 C:\temp.mdb\ae_temp # ATTRIBUTES C:\CAOP_Versao2013.mdb\CENTROIDE_2013</Process><Process Name="Add Field" ToolSource="C:\Program Files (x86)\ArcGIS\Desktop10.0\ArcToolbox\Toolboxes\Data Management Tools.tbx\AddField" Date="20130701" Time="152420">AddField C:\temp.mdb\ae_temp Nome TEXT # # # # NULLABLE NON_REQUIRED #</Process><Process Name="Calculate Field" ToolSource="C:\Program Files (x86)\ArcGIS\Desktop10.0\ArcToolbox\Toolboxes\Data Management Tools.tbx\CalculateField" Date="20130701" Time="152421">CalculateField C:\temp.mdb\ae_temp Nome [TxtMemo] VB #</Process><Process Name="Add Field (2)" ToolSource="C:\Program Files (x86)\ArcGIS\Desktop10.0\ArcToolbox\Toolboxes\Data Management Tools.tbx\AddField" Date="20130701" Time="152422">AddField C:\temp.mdb\ae_temp Concelho TEXT # # # # NULLABLE NON_REQUIRED #</Process><Process Name="Add Field (3)" ToolSource="C:\Program Files (x86)\ArcGIS\Desktop10.0\ArcToolbox\Toolboxes\Data Management Tools.tbx\AddField" Date="20130701" Time="152422">AddField C:\temp.mdb\ae_temp Distrito TEXT # # # # NULLABLE NON_REQUIRED #</Process><Process Name="Calculate Field (2)" ToolSource="C:\Program Files (x86)\ArcGIS\Desktop10.0\ArcToolbox\Toolboxes\Data Management Tools.tbx\CalculateField" Date="20130701" Time="152422">CalculateField C:\temp.mdb\ae_temp Concelho left( [TxtMemo],4) VB #</Process><Process Name="Calculate Field (3)" ToolSource="C:\Program Files (x86)\ArcGIS\Desktop10.0\ArcToolbox\Toolboxes\Data Management Tools.tbx\CalculateField" Date="20130701" Time="152424">CalculateField C:\temp.mdb\ae_temp Distrito left( [TxtMemo],2) VB #</Process><Process Name="Delete Field" ToolSource="C:\Program Files (x86)\ArcGIS\Desktop10.0\ArcToolbox\Toolboxes\Data Management Tools.tbx\DeleteField" Date="20130701" Time="152425">DeleteField C:\temp.mdb\ae_temp RefName;Text_;TxtMemo</Process><Process Name="Add Field (4)" ToolSource="C:\Program Files (x86)\ArcGIS\Desktop10.0\ArcToolbox\Toolboxes\Data Management Tools.tbx\AddField" Date="20130701" Time="152425">AddField C:\temp.mdb\ae_temp Area_EA DOUBLE # # # # NULLABLE NON_REQUIRED #</Process><Process Name="Calculate Field (4)" ToolSource="C:\Program Files (x86)\ArcGIS\Desktop10.0\ArcToolbox\Toolboxes\Data Management Tools.tbx\CalculateField" Date="20130701" Time="152426">CalculateField C:\temp.mdb\ae_temp Area_EA [SHAPE_area] VB #</Process><Process Name="Assign Domain To Field (2)" ToolSource="C:\Program Files (x86)\ArcGIS\Desktop10.0\ArcToolbox\Toolboxes\Data Management Tools.tbx\AssignDomainToField" Date="20130701" Time="152427">AssignDomainToField C:\temp.mdb\ae_temp Concelho Concelho #</Process><Process Name="Assign Domain To Field" ToolSource="C:\Program Files (x86)\ArcGIS\Desktop10.0\ArcToolbox\Toolboxes\Data Management Tools.tbx\AssignDomainToField" Date="20130701" Time="152427">AssignDomainToField C:\temp.mdb\ae_temp Nome EA #</Process><Process Name="Assign Domain To Field (3)" ToolSource="C:\Program Files (x86)\ArcGIS\Desktop10.0\ArcToolbox\Toolboxes\Data Management Tools.tbx\AssignDomainToField" Date="20130701" Time="152427">AssignDomainToField C:\temp.mdb\ae_temp Distrito Distrito_Ilha #</Process><Process Name="Spatial Join (2)" ToolSource="C:\Program Files (x86)\ArcGIS\Desktop10.0\ArcToolbox\Toolboxes\Analysis Tools.tbx\SpatialJoin" Date="20130701" Time="152431">SpatialJoin C:\temp.mdb\ae_temp C:\CAOP_Versao2013.mdb\CENTROIDE_TAA_CONTINENTE_2013 C:\temp.mdb\ae_temp_SJ JOIN_ONE_TO_ONE KEEP_ALL "FID_CENTROIDE_2013 "FID_CENTROIDE_2013" true true false 0 Long 0 0 ,First,#,C:\temp.mdb\ae_temp,FID_CENTROIDE_2013,-1,-1;Novo_Codigo "Novo_Codigo" true true false 50 Text 0 0 ,First,#,C:\temp.mdb\ae_temp,Novo_Codigo,-1,-1;Shape_length "Shape_length" true true false 0 Double 0 0 ,First,#,C:\temp.mdb\ae_temp,Shape_length,-1,-1;Shape_area "Shape_area" true true false 0 Double 0 0 ,First,#,C:\temp.mdb\ae_temp,Shape_area,-1,-1;Nome "Nome" true true false 0 Text 0 0 ,First,#,C:\temp.mdb\ae_temp,Nome,-1,-1;Concelho "Concelho" true true false 0 Text 0 0 ,First,#,C:\temp.mdb\ae_temp,Concelho,-1,-1;Distrito "Distrito" true true false 0 Text 0 0 ,First,#,C:\temp.mdb\ae_temp,Distrito,-1,-1;Area_EA "Area_EA" true true false 0 Double 0 0 ,First,#,C:\temp.mdb\ae_temp,Area_EA,-1,-1;TAA "TAA" true true false 2 Short 0 0 ,First,#,C:\CAOP_Versao2013.mdb\CENTROIDE_TAA_CONTINENTE_2013,TAA,-1,-1;RefName "RefName" true true false 254 Text 0 0 ,First,#,C:\CAOP_Versao2013.mdb\CENTROIDE_TAA_CONTINENTE_2013,RefName,-1,-1;Novo_Codigo_1 "Novo_Codigo" true true false 50 Text 0 0 ,First,#,C:\CAOP_Versao2013.mdb\CENTROIDE_TAA_CONTINENTE_2013,Novo_Codigo,-1,-1;Nova_Desig "Nova_Desig" true true false 254 Text 0 0 ,First,#,C:\CAOP_Versao2013.mdb\CENTROIDE_TAA_CONTINENTE_2013,Nova_Desig,-1,-1" INTERSECT "0 Unknown" #</Process><Process Name="Feature Class to Feature Class" ToolSource="C:\Program Files (x86)\ArcGIS\Desktop10.0\ArcToolbox\Toolboxes\Conversion Tools.tbx\FeatureClassToFeatureClass" Date="20130701" Time="152433">FeatureClassToFeatureClass C:\temp.mdb\ae_temp_SJ C:\temp.mdb ae # "Join_Count "Join_Count" true true false 4 Long 0 0 ,First,#,C:\temp.mdb\ae_temp_SJ,Join_Count,-1,-1;Nome "Nome" true true false 255 Text 0 0 ,First,#,C:\temp.mdb\ae_temp_SJ,Nome,-1,-1;Concelho "Concelho" true true false 255 Text 0 0 ,First,#,C:\temp.mdb\ae_temp_SJ,Concelho,-1,-1;Distrito "Distrito" true true false 255 Text 0 0 ,First,#,C:\temp.mdb\ae_temp_SJ,Distrito,-1,-1;Area_EA "Area_EA" true true false 8 Double 0 0 ,First,#,C:\temp.mdb\ae_temp_SJ,Area_EA,-1,-1;TAA "TAA" true true false 2 Short 0 0 ,First,#,C:\temp.mdb\ae_temp_SJ,TAA,-1,-1;RefName "RefName" true true false 254 Text 0 0 ,First,#,C:\temp.mdb\ae_temp_SJ,RefName,-1,-1;Shape_Length "Shape_Length" false true true 8 Double 0 0 ,First,#,C:\temp.mdb\ae_temp_SJ,Shape_Length,-1,-1;Shape_Area "Shape_Area" false true true 8 Double 0 0 ,First,#,C:\temp.mdb\ae_temp_SJ,Shape_Area,-1,-1" #</Process><Process Name="Feature Class to Feature Class (3)" ToolSource="C:\Program Files (x86)\ArcGIS\Desktop10.0\ArcToolbox\Toolboxes\Conversion Tools.tbx\FeatureClassToFeatureClass" Date="20130701" Time="152436">FeatureClassToFeatureClass C:\temp.mdb\ae C:\temp.mdb ae_taa # "Join_Count "Join_Count" true true false 4 Long 0 0 ,First,#,C:\temp.mdb\ae,Join_Count,-1,-1;Nome "Nome" true true false 255 Text 0 0 ,First,#,C:\temp.mdb\ae,Nome,-1,-1;Concelho "Concelho" true true false 255 Text 0 0 ,First,#,C:\temp.mdb\ae,Concelho,-1,-1;Distrito "Distrito" true true false 255 Text 0 0 ,First,#,C:\temp.mdb\ae,Distrito,-1,-1;Area_EA "Area_EA" true true false 8 Double 0 0 ,First,#,C:\temp.mdb\ae,Area_EA,-1,-1;TAA "TAA" true true false 2 Short 0 0 ,First,#,C:\temp.mdb\ae,TAA,-1,-1;RefName "RefName" true true false 254 Text 0 0 ,First,#,C:\temp.mdb\ae,RefName,-1,-1;Shape_Length "Shape_Length" false true true 8 Double 0 0 ,First,#,C:\temp.mdb\ae,Shape_Length,-1,-1;Shape_Area "Shape_Area" false true true 8 Double 0 0 ,First,#,C:\temp.mdb\ae,Shape_Area,-1,-1" #</Process><Process Name="Assign Domain To Field (4)" ToolSource="C:\Program Files (x86)\ArcGIS\Desktop10.0\ArcToolbox\Toolboxes\Data Management Tools.tbx\AssignDomainToField" Date="20130701" Time="152436">AssignDomainToField C:\temp.mdb\ae_taa TAA TAA #</Process><Process Name="Spatial Join" ToolSource="C:\Program Files (x86)\ArcGIS\Desktop10.0\ArcToolbox\Toolboxes\Analysis Tools.tbx\SpatialJoin" Date="20130701" Time="152506">SpatialJoin C:\temp.mdb\ae_taa C:\temp.mdb\ae_temp_Dissolve C:\temp.mdb\ae_taa_SpatialJoin JOIN_ONE_TO_ONE KEEP_ALL "Join_Count "Join_Count" true true false 4 Long 0 0 ,First,#,C:\temp.mdb\ae_taa,Join_Count,-1,-1;Nome "Nome" true true false 255 Text 0 0 ,First,#,C:\temp.mdb\ae_taa,Nome,-1,-1;Concelho "Concelho" true true false 255 Text 0 0 ,First,#,C:\temp.mdb\ae_taa,Concelho,-1,-1;Distrito "Distrito" true true false 255 Text 0 0 ,First,#,C:\temp.mdb\ae_taa,Distrito,-1,-1;Area_EA "Area_EA" true true false 8 Double 0 0 ,First,#,C:\temp.mdb\ae_taa,Area_EA,-1,-1;TAA "TAA" true true false 2 Short 0 0 ,First,#,C:\temp.mdb\ae_taa,TAA,-1,-1;RefName "RefName" true true false 254 Text 0 0 ,First,#,C:\temp.mdb\ae_taa,RefName,-1,-1;Shape_Length "Shape_Length" false true true 8 Double 0 0 ,First,#,C:\temp.mdb\ae_taa,Shape_Length,-1,-1;Shape_Area "Shape_Area" false true true 8 Double 0 0 ,First,#,C:\temp.mdb\ae_taa,Shape_Area,-1,-1;Nome_1 "Nome" true true false 255 Text 0 0 ,First,#,C:\temp.mdb\ae_temp_Dissolve,Nome,-1,-1;SUM_Area_EA "SUM_Area_EA" true true false 8 Double 0 0 ,First,#,C:\temp.mdb\ae_temp_Dissolve,SUM_Area_EA,-1,-1;Shape_Length_1 "Shape_Length" false true true 8 Double 0 0 ,First,#,C:\temp.mdb\ae_temp_Dissolve,Shape_Length,-1,-1;Shape_Area_1 "Shape_Area" false true true 8 Double 0 0 ,First,#,C:\temp.mdb\ae_temp_Dissolve,Shape_Area,-1,-1;Area_Total "Area_Total" true true false 8 Double 0 0 ,First,#,C:\temp.mdb\ae_temp_Dissolve,Area_Total,-1,-1" WITHIN "0 Unknown" #</Process><Process Name="Delete Field (2)" ToolSource="C:\Program Files (x86)\ArcGIS\Desktop10.0\ArcToolbox\Toolboxes\Data Management Tools.tbx\DeleteField" Date="20130701" Time="152507">DeleteField C:\temp.mdb\ae_taa_SpatialJoin Join_Count;Join_Count_1;RefName;Nome_1;SUM_Area_EA</Process><Process Name="Feature Class to Feature Class (2)" ToolSource="C:\Program Files (x86)\ArcGIS\Desktop10.0\ArcToolbox\Toolboxes\Conversion Tools.tbx\FeatureClassToFeatureClass" Date="20130701" Time="152509">FeatureClassToFeatureClass C:\temp.mdb\ae_taa_SpatialJoin C:\temp.mdb area_administrativa # "TARGET_FID "TARGET_FID" true true false 4 Long 0 0 ,First,#,C:\temp.mdb\ae_taa_SpatialJoin,TARGET_FID,-1,-1;Nome "Nome" true true false 255 Text 0 0 ,First,#,C:\temp.mdb\ae_taa_SpatialJoin,Nome,-1,-1;Concelho "Concelho" true true false 255 Text 0 0 ,First,#,C:\temp.mdb\ae_taa_SpatialJoin,Concelho,-1,-1;Distrito "Distrito" true true false 255 Text 0 0 ,First,#,C:\temp.mdb\ae_taa_SpatialJoin,Distrito,-1,-1;Area_EA "Area_EA" true true false 8 Double 0 0 ,First,#,C:\temp.mdb\ae_taa_SpatialJoin,Area_EA,-1,-1;TAA "TAA" true true false 2 Short 0 0 ,First,#,C:\temp.mdb\ae_taa_SpatialJoin,TAA,-1,-1;Shape_Length_1 "Shape_Length" true true false 8 Double 0 0 ,First,#,C:\temp.mdb\ae_taa_SpatialJoin,Shape_Length_1,-1,-1;Shape_Area_1 "Shape_Area" true true false 8 Double 0 0 ,First,#,C:\temp.mdb\ae_taa_SpatialJoin,Shape_Area_1,-1,-1;Area_Total "Area_Total" true true false 8 Double 0 0 ,First,#,C:\temp.mdb\ae_taa_SpatialJoin,Area_Total,-1,-1;Shape_Length "Shape_Length" false true true 8 Double 0 0 ,First,#,C:\temp.mdb\ae_taa_SpatialJoin,Shape_Length,-1,-1;Shape_Area "Shape_Area" false true true 8 Double 0 0 ,First,#,C:\temp.mdb\ae_taa_SpatialJoin,Shape_Area,-1,-1" #</Process><Process Name="Assign Domain To Field (5)" ToolSource="C:\Program Files (x86)\ArcGIS\Desktop10.0\ArcToolbox\Toolboxes\Data Management Tools.tbx\AssignDomainToField" Date="20130701" Time="152510">AssignDomainToField C:\temp.mdb\area_administrativa TAA TAA #</Process><Process Name="Assign Domain To Field (6)" ToolSource="C:\Program Files (x86)\ArcGIS\Desktop10.0\ArcToolbox\Toolboxes\Data Management Tools.tbx\AssignDomainToField" Date="20130701" Time="152510">AssignDomainToField C:\temp.mdb\area_administrativa Distrito Distrito_Ilha #</Process><Process Name="Delete Field (3)" ToolSource="C:\Program Files (x86)\ArcGIS\Desktop10.0\ArcToolbox\Toolboxes\Data Management Tools.tbx\DeleteField" Date="20130701" Time="152510">DeleteField C:\temp.mdb\area_administrativa Shape_Length_1;Shape_Area_1</Process><Process ToolSource="C:\Program Files (x86)\ArcGIS\Desktop10.0\ArcToolbox\Toolboxes\Data Management Tools.tbx\CopyFeatures" Date="20130701" Time="152852">CopyFeatures C:\temp.mdb\area_administrativa C:\CAOP_Versao2013.mdb\area_administrativa # 0 0 0</Process><Process ToolSource="C:\Program Files (x86)\ArcGIS\Desktop10.0\ArcToolbox\Toolboxes\Conversion Tools.tbx\FeatureClassToFeatureClass" Date="20130702" Time="154146">FeatureClassToFeatureClass C:\CAOP_Versao2013.mdb\area_administrativa C:\CAOP2013\Shapes CAOP2013_Troco_02072013.shp # "TARGET_FID "TARGET_FID" true true false 4 Long 0 0 ,First,#,C:\CAOP_Versao2013.mdb\area_administrativa,TARGET_FID,-1,-1;Nome "Nome" true true false 255 Text 0 0 ,First,#,C:\CAOP_Versao2013.mdb\area_administrativa,Nome,-1,-1;Concelho "Concelho" true true false 255 Text 0 0 ,First,#,C:\CAOP_Versao2013.mdb\area_administrativa,Concelho,-1,-1;Distrito "Distrito" true true false 255 Text 0 0 ,First,#,C:\CAOP_Versao2013.mdb\area_administrativa,Distrito,-1,-1;Area_EA "Area_EA" true true false 8 Double 0 0 ,First,#,C:\CAOP_Versao2013.mdb\area_administrativa,Area_EA,-1,-1;TAA "TAA" true true false 2 Short 0 0 ,First,#,C:\CAOP_Versao2013.mdb\area_administrativa,TAA,-1,-1;Area_Total "Area_Total" true true false 8 Double 0 0 ,First,#,C:\CAOP_Versao2013.mdb\area_administrativa,Area_Total,-1,-1;Shape_Leng "Shape_Length" false true true 8 Double 0 0 ,First,#,C:\CAOP_Versao2013.mdb\area_administrativa,Shape_Length,-1,-1;Shape_Area "Shape_Area" false true true 8 Double 0 0 ,First,#,C:\CAOP_Versao2013.mdb\area_administrativa,Shape_Area,-1,-1" #</Process><Process ToolSource="C:\Program Files (x86)\ArcGIS\Desktop10.0\ArcToolbox\Toolboxes\Data Management Tools.tbx\CalculateField" Date="20130702" Time="161552">CalculateField CAOP2013_AAD_02072013 DICOFRE [Nome] VB #</Process><Process ToolSource="C:\Program Files (x86)\ArcGIS\Desktop10.0\ArcToolbox\Toolboxes\Data Management Tools.tbx\CalculateField" Date="20130702" Time="162545">CalculateField CAOP2013_AAD_02072013 Municipio [Concelho] VB #</Process><Process ToolSource="C:\Program Files (x86)\ArcGIS\Desktop10.0\ArcToolbox\Toolboxes\Data Management Tools.tbx\CalculateField" Date="20130703" Time="113319">CalculateField CAOP2013_AAD_02072013 DI [Distrito] VB #</Process><Process ToolSource="C:\Program Files (x86)\ArcGIS\Desktop10.0\ArcToolbox\Toolboxes\Data Management Tools.tbx\CalculateField" Date="20130703" Time="114112">CalculateField CAOP2013_AAD_02072013 Distrito [Distrito_] VB #</Process><Process ToolSource="C:\Program Files (x86)\ArcGIS\Desktop10.0\ArcToolbox\Toolboxes\Data Management Tools.tbx\CalculateField" Date="20130703" Time="115809">CalculateField CAOP2013_AAD_02072013 TAA [TAA_] VB #</Process><Process ToolSource="C:\Program Files (x86)\ArcGIS\Desktop10.0\ArcToolbox\Toolboxes\Data Management Tools.tbx\CalculateField" Date="20130703" Time="115825">CalculateField CAOP2013_AAD_02072013 Area_EA_Ha [Area_EA] VB #</Process><Process ToolSource="C:\Program Files (x86)\ArcGIS\Desktop10.0\ArcToolbox\Toolboxes\Data Management Tools.tbx\CalculateField" Date="20130703" Time="115850">CalculateField CAOP2013_AAD_02072013 Area_T_Ha [Area_Total] VB #</Process><Process ToolSource="C:\Program Files (x86)\ArcGIS\Desktop10.0\ArcToolbox\Toolboxes\Data Management Tools.tbx\CalculateField" Date="20130703" Time="120129">CalculateField CAOP2013_AAD_02072013 Area_EA_Ha [Area_EA]/10000 VB #</Process><Process ToolSource="C:\Program Files (x86)\ArcGIS\Desktop10.0\ArcToolbox\Toolboxes\Data Management Tools.tbx\CalculateField" Date="20130703" Time="120144">CalculateField CAOP2013_AAD_02072013 Area_T_Ha [Area_Total]/10000 VB #</Process><Process ToolSource="C:\Program Files (x86)\ArcGIS\Desktop10.0\ArcToolbox\Toolboxes\Data Management Tools.tbx\CalculateField" Date="20130703" Time="170115">CalculateField Cont_AAD_CAOP2013 Freguesia [Freg] VB #</Process><Process ToolSource="C:\Program Files (x86)\ArcGIS\Desktop10.0\ArcToolbox\Toolboxes\Data Management Tools.tbx\CalculateField" Date="20130703" Time="170126">CalculateField Cont_AAD_CAOP2013 Municipio [Mun] VB #</Process><Process ToolSource="C:\Program Files (x86)\ArcGIS\Desktop10.0\ArcToolbox\Toolboxes\Data Management Tools.tbx\CalculateField" Date="20130703" Time="170134">CalculateField Cont_AAD_CAOP2013 Distrito [Dist] VB #</Process><Process ToolSource="C:\Program Files (x86)\ArcGIS\Desktop10.0\ArcToolbox\Toolboxes\Data Management Tools.tbx\CalculateField" Date="20130705" Time="141853">CalculateField Cont_AAD_CAOP2013 TA [TAA] VB #</Process><Process ToolSource="C:\Program Files (x86)\ArcGIS\Desktop10.0\ArcToolbox\Toolboxes\Data Management Tools.tbx\CalculateField" Date="20130705" Time="141903">CalculateField Cont_AAD_CAOP2013 AreaEA [Area_EA_Ha] VB #</Process><Process ToolSource="C:\Program Files (x86)\ArcGIS\Desktop10.0\ArcToolbox\Toolboxes\Data Management Tools.tbx\CalculateField" Date="20130705" Time="141917">CalculateField Cont_AAD_CAOP2013 Areat [Area_T_Ha] VB #</Process><Process ToolSource="C:\Program Files (x86)\ArcGIS\Desktop10.0\ArcToolbox\Toolboxes\Data Management Tools.tbx\CalculateField" Date="20130705" Time="142355">CalculateField Cont_AAD_CAOP2013 TAA [TA] VB #</Process><Process ToolSource="C:\Program Files (x86)\ArcGIS\Desktop10.0\ArcToolbox\Toolboxes\Data Management Tools.tbx\CalculateField" Date="20130705" Time="142404">CalculateField Cont_AAD_CAOP2013 Area_EA_Ha [AreaEA] VB #</Process><Process ToolSource="C:\Program Files (x86)\ArcGIS\Desktop10.0\ArcToolbox\Toolboxes\Data Management Tools.tbx\CalculateField" Date="20130705" Time="142411">CalculateField Cont_AAD_CAOP2013 Area_T_Ha [Areat] VB #</Process></lineage><itemProps><itemName Sync="TRUE">CAOP2013_Troco_02072013</itemName><imsContentType Sync="TRUE">002</imsContentType><itemLocation><linkage Sync="TRUE">file://\\CGC-AQUI-03\C$\CAOP2013\Shapes\CAOP2013_com_areas\CAOP2013_AAD_02072013Copy</linkage><protocol Sync="TRUE">Local Area Network</protocol></itemLocation><itemSize Sync="TRUE">0.000</itemSize></itemProps><coordRef><type Sync="TRUE">Projected</type><geogcsn Sync="TRUE">GCS_ETRS_1989</geogcsn><projcsn Sync="TRUE">ETRS_1989_TM06-Portugal</projcsn><peXml Sync="TRUE">&lt;ProjectedCoordinateSystem xsi:type='typens:ProjectedCoordinateSystem' xmlns:xsi='http://www.w3.org/2001/XMLSchema-instance' xmlns:xs='http://www.w3.org/2001/XMLSchema' xmlns:typens='http://www.esri.com/schemas/ArcGIS/10.0'&gt;&lt;WKT&gt;PROJCS[&amp;quot;ETRS_1989_TM06-Portugal&amp;quot;,GEOGCS[&amp;quot;GCS_ETRS_1989&amp;quot;,DATUM[&amp;quot;D_ETRS_1989&amp;quot;,SPHEROID[&amp;quot;GRS_1980&amp;quot;,6378137.0,298.257222101]],PRIMEM[&amp;quot;Greenwich&amp;quot;,0.0],UNIT[&amp;quot;Degree&amp;quot;,0.0174532925199433]],PROJECTION[&amp;quot;Transverse_Mercator&amp;quot;],PARAMETER[&amp;quot;False_Easting&amp;quot;,0.0],PARAMETER[&amp;quot;False_Northing&amp;quot;,0.0],PARAMETER[&amp;quot;Central_Meridian&amp;quot;,-8.133108333333333],PARAMETER[&amp;quot;Scale_Factor&amp;quot;,1.0],PARAMETER[&amp;quot;Latitude_Of_Origin&amp;quot;,39.66825833333333],UNIT[&amp;quot;Meter&amp;quot;,1.0]]&lt;/WKT&gt;&lt;XOrigin&gt;-5623200&lt;/XOrigin&gt;&lt;YOrigin&gt;-14394800&lt;/YOrigin&gt;&lt;XYScale&gt;450265407.00157917&lt;/XYScale&gt;&lt;ZOrigin&gt;-100000&lt;/ZOrigin&gt;&lt;ZScale&gt;10000&lt;/ZScale&gt;&lt;MOrigin&gt;-100000&lt;/MOrigin&gt;&lt;MScale&gt;10000&lt;/MScale&gt;&lt;XYTolerance&gt;0.001&lt;/XYTolerance&gt;&lt;ZTolerance&gt;0.001&lt;/ZTolerance&gt;&lt;MTolerance&gt;0.001&lt;/MTolerance&gt;&lt;HighPrecision&gt;true&lt;/HighPrecision&gt;&lt;/ProjectedCoordinateSystem&gt;</peXml></coordRef><copyHistory><copy source="C:\CAOP2013\Shapes\CAOP2013_com_areas\CAOP2013_AAD_02072013" dest="\\CGC-AQUI-03\C$\CAOP2013\Shapes\CAOP2013_com_areas\CAOP2013_AAD_02072013Copy" date="20130703" time="16533000"></copy></copyHistory></DataProperties><ArcGISFormat>1.0</ArcGISFormat></Esri><idinfo><native Sync="TRUE">Microsoft Windows XP Version 5.1 (Build 2600) Service Pack 3; ESRI ArcCatalog 9.3.1.3000</native><descript><langdata Sync="TRUE">pt</langdata><abstract>REQUIRED: A brief narrative summary of the data set.</abstract><purpose>REQUIRED: A summary of the intentions with which the data set was developed.</purpose></descript><citation><citeinfo><origin>REQUIRED: The name of an organization or individual that developed the data set.</origin><pubdate>REQUIRED: The date when the data set is published or otherwise made available for release.</pubdate><title Sync="TRUE">bd_caop_EDICAO_CAOP_CENTROIDE_2010</title><ftname Sync="TRUE">bd_caop_EDICAO_CAOP_CENTROIDE_2010</ftname><geoform Sync="TRUE">vector digital data</geoform><onlink Sync="TRUE">\\CAD108\C$\CAOP20121\CAOP20121_final.mdb</onlink></citeinfo></citation><timeperd><current>REQUIRED: The basis on which the time period of content information is determined.</current><timeinfo><sngdate><caldate>REQUIRED: The year (and optionally month, or month and day) for which the data set corresponds to the ground.</caldate></sngdate></timeinfo></timeperd><status><progress>REQUIRED: The state of the data set.</progress><update>REQUIRED: The frequency with which changes and additions are made to the data set after the initial data set is completed.</update></status><spdom><bounding><westbc Sync="TRUE">REQUIRED: Western-most coordinate of the limit of coverage expressed in longitude.</westbc><eastbc Sync="TRUE">REQUIRED: Eastern-most coordinate of the limit of coverage expressed in longitude.</eastbc><northbc Sync="TRUE">REQUIRED: Northern-most coordinate of the limit of coverage expressed in latitude.</northbc><southbc Sync="TRUE">REQUIRED: Southern-most coordinate of the limit of coverage expressed in latitude.</southbc></bounding></spdom><keywords><theme><themekt>REQUIRED: Reference to a formally registered thesaurus or a similar authoritative source of theme keywords.</themekt><themekey>REQUIRED: Common-use word or phrase used to describe the subject of the data set.</themekey></theme></keywords><accconst>REQUIRED: Restrictions and legal prerequisites for accessing the data set.</accconst><useconst>REQUIRED: Restrictions and legal prerequisites for using the data set after access is granted.</useconst><natvform Sync="TRUE">Personal GeoDatabase Feature Class</natvform></idinfo><dataIdInfo><envirDesc Sync="TRUE">Microsoft Windows Server 2008 R2 Version 6.1 (Build 7601) Service Pack 1; ESRI ArcGIS 10.0.0.2414</envirDesc><dataLang><languageCode Sync="TRUE" value="por" country="PRT"></languageCode></dataLang><idCitation><resTitle Sync="TRUE">CAOP2013_Troco_02072013</resTitle><presForm><PresFormCd Sync="TRUE" value="005"></PresFormCd></presForm></idCitation><spatRpType><SpatRepTypCd Sync="TRUE" value="001"></SpatRepTypCd></spatRpType><descKeys><thesaName uuidref="723f6998-058e-11dc-8314-0800200c9a66"></thesaName><keyword Sync="TRUE">002</keyword></descKeys></dataIdInfo><metainfo><langmeta Sync="TRUE">pt</langmeta><metstdn Sync="TRUE">FGDC Content Standards for Digital Geospatial Metadata</metstdn><metstdv Sync="TRUE">FGDC-STD-001-1998</metstdv><mettc Sync="TRUE">local time</mettc><metc><cntinfo><cntorgp><cntper>REQUIRED: The person responsible for the metadata information.</cntper><cntorg>REQUIRED: The organization responsible for the metadata information.</cntorg></cntorgp><cntaddr><addrtype>REQUIRED: The mailing and/or physical address for the organization or individual.</addrtype><city>REQUIRED: The city of the address.</city><state>REQUIRED: The state or province of the address.</state><postal>REQUIRED: The ZIP or other postal code of the address.</postal></cntaddr><cntvoice>REQUIRED: The telephone number by which individuals can speak to the organization or individual.</cntvoice></cntinfo></metc><metd Sync="TRUE">20120727</metd></metainfo><mdLang><languageCode Sync="TRUE" value="por"></languageCode></mdLang><mdStanName Sync="TRUE">ISO 19115 Geographic Information - Metadata</mdStanName><mdStanVer Sync="TRUE">DIS_ESRI1.0</mdStanVer><mdChar><CharSetCd Sync="TRUE" value="004"></CharSetCd></mdChar><mdHrLv><ScopeCd Sync="TRUE" value="005"></ScopeCd></mdHrLv><mdHrLvName Sync="TRUE">dataset</mdHrLvName><distinfo><resdesc Sync="TRUE">Downloadable Data</resdesc></distinfo><distInfo><distributor><distorTran><onLineSrc><orDesc Sync="TRUE">002</orDesc><linkage Sync="TRUE">file://\\CAD108\C$\CAOP20121\CAOP20121_final.mdb</linkage><protocol Sync="TRUE">Local Area Network</protocol></onLineSrc></distorTran><distorFormat><formatName Sync="TRUE">Personal GeoDatabase Feature Class</formatName></distorFormat></distributor><distFormat><formatName Sync="TRUE">Shapefile</formatName></distFormat><distTranOps><transSize Sync="TRUE">0.000</transSize></distTranOps></distInfo><spdoinfo><direct Sync="TRUE">Vector</direct><ptvctinf><esriterm Name="CAOP2013_Troco_02072013"><efeatyp Sync="TRUE">Simple</efeatyp><efeageom Sync="TRUE">4</efeageom><esritopo Sync="TRUE">FALSE</esritopo><efeacnt Sync="TRUE">0</efeacnt><spindex Sync="TRUE">FALSE</spindex><linrefer Sync="TRUE">FALSE</linrefer></esriterm></ptvctinf></spdoinfo><spref><horizsys><cordsysn><geogcsn Sync="TRUE">GCS_ETRS_1989</geogcsn><projcsn Sync="TRUE">ETRS_1989_TM06-Portugal</projcsn></cordsysn><planar><planci><plance Sync="TRUE">coordinate pair</plance><plandu Sync="TRUE">meters</plandu><coordrep><absres Sync="TRUE">0.000000</absres><ordres Sync="TRUE">0.000000</ordres></coordrep></planci></planar><geodetic><horizdn Sync="TRUE">D_ETRS_1989</horizdn><ellips Sync="TRUE">Geodetic Reference System 80</ellips><semiaxis Sync="TRUE">6378137.000000</semiaxis><denflat Sync="TRUE">298.257222</denflat></geodetic></horizsys><vertdef><altsys><altenc Sync="TRUE">Explicit elevation coordinate included with horizontal coordinates</altenc><altres Sync="TRUE">1.000000</altres></altsys></vertdef></spref><refSysInfo><RefSystem><refSysID><identCode Sync="TRUE" code="0">ETRS_1989_TM06-Portugal</identCode></refSysID></RefSystem></refSysInfo><spatRepInfo><VectSpatRep><topLvl><TopoLevCd Sync="TRUE" value="001"></TopoLevCd></topLvl><geometObjs Name="bd_caop_EDICAO_CAOP_CENTROIDE_2010"><geoObjTyp><GeoObjTypCd Sync="TRUE" value="002"></GeoObjTypCd><geoObjCnt Sync="TRUE">0</geoObjCnt></geoObjTyp><geoObjCnt Sync="TRUE">0</geoObjCnt></geometObjs></VectSpatRep></spatRepInfo><eainfo><detailed Name="CAOP2013_Troco_02072013"><enttyp><enttypl Sync="TRUE">CAOP2013_Troco_02072013</enttypl><enttypt Sync="TRUE">Feature Class</enttypt><enttypc Sync="TRUE">0</enttypc></enttyp><attr><attrlabl Sync="TRUE">FID</attrlabl><attalias Sync="TRUE">FID</attalias><attrtype Sync="TRUE">OID</attrtype><attwidth Sync="TRUE">4</attwidth><atprecis Sync="TRUE">0</atprecis><attscale Sync="TRUE">0</attscale><attrdef Sync="TRUE">Internal feature number.</attrdef><attrdefs Sync="TRUE">ESRI</attrdefs><attrdomv><udom Sync="TRUE">Sequential unique whole numbers that are automatically generated.</udom></attrdomv></attr><attr><attrlabl Sync="TRUE">TARGET_FID</attrlabl><attalias Sync="TRUE">TARGET_FID</attalias><attrtype Sync="TRUE">Integer</attrtype><attwidth Sync="TRUE">9</attwidth><atprecis Sync="TRUE">9</atprecis><attscale Sync="TRUE">0</attscale></attr><attr><attrlabl Sync="TRUE">Nome</attrlabl><attalias Sync="TRUE">Nome</attalias><attrtype Sync="TRUE">String</attrtype><attwidth Sync="TRUE">254</attwidth><atprecis Sync="TRUE">0</atprecis><attscale Sync="TRUE">0</attscale></attr><attr><attrlabl Sync="TRUE">Concelho</attrlabl><attalias Sync="TRUE">Concelho</attalias><attrtype Sync="TRUE">String</attrtype><attwidth Sync="TRUE">254</attwidth><atprecis Sync="TRUE">0</atprecis><attscale Sync="TRUE">0</attscale></attr><attr><attrlabl Sync="TRUE">Distrito</attrlabl><attalias Sync="TRUE">Distrito</attalias><attrtype Sync="TRUE">String</attrtype><attwidth Sync="TRUE">254</attwidth><atprecis Sync="TRUE">0</atprecis><attscale Sync="TRUE">0</attscale></attr><attr><attrlabl Sync="TRUE">Area_EA</attrlabl><attalias Sync="TRUE">Area_EA</attalias><attrtype Sync="TRUE">Double</attrtype><attwidth Sync="TRUE">19</attwidth><atprecis Sync="TRUE">0</atprecis><attscale Sync="TRUE">0</attscale></attr><attr><attrlabl Sync="TRUE">TAA</attrlabl><attalias Sync="TRUE">TAA</attalias><attrtype Sync="TRUE">SmallInteger</attrtype><attwidth Sync="TRUE">4</attwidth><atprecis Sync="TRUE">4</atprecis><attscale Sync="TRUE">0</attscale></attr><attr><attrlabl Sync="TRUE">Shape</attrlabl><attalias Sync="TRUE">Shape</attalias><attrtype Sync="TRUE">Geometry</attrtype><attwidth Sync="TRUE">0</attwidth><atprecis Sync="TRUE">0</atprecis><attscale Sync="TRUE">0</attscale><attrdef Sync="TRUE">Feature geometry.</attrdef><attrdefs Sync="TRUE">ESRI</attrdefs><attrdomv><udom Sync="TRUE">Coordinates defining the features.</udom></attrdomv></attr><attr><attrlabl Sync="TRUE">Area_Total</attrlabl><attalias Sync="TRUE">Area_Total</attalias><attrtype Sync="TRUE">Double</attrtype><attwidth Sync="TRUE">19</attwidth><atprecis Sync="TRUE">0</atprecis><attscale Sync="TRUE">0</attscale></attr><attr><attrlabl Sync="TRUE">Shape_Leng</attrlabl><attalias Sync="TRUE">Shape_Leng</attalias><attrtype Sync="TRUE">Double</attrtype><attwidth Sync="TRUE">19</attwidth><atprecis Sync="TRUE">0</atprecis><attscale Sync="TRUE">0</attscale></attr><attr><attrlabl Sync="TRUE">Shape_Area</attrlabl><attalias Sync="TRUE">Shape_Area</attalias><attrtype Sync="TRUE">Double</attrtype><attwidth Sync="TRUE">19</attwidth><atprecis Sync="TRUE">0</atprecis><attscale Sync="TRUE">0</attscale><attrdef Sync="TRUE">Area of feature in internal units squared.</attrdef><attrdefs Sync="TRUE">ESRI</attrdefs><attrdomv><udom Sync="TRUE">Positive real numbers that are automatically generated.</udom></attrdomv></attr></detailed></eainfo><mdDateSt Sync="TRUE">20130702</mdDateSt></metadata>
