<?xml version="1.0" encoding="UTF-8"?>
<gmd:MD_Metadata xmlns:gmd="http://www.isotc211.org/2005/gmd" xmlns:gml="http://www.opengis.net/gml/3.2" xmlns:csw="http://www.opengis.net/cat/csw/2.0.2" xmlns:xlink="http://www.w3.org/1999/xlink" xmlns:gco="http://www.isotc211.org/2005/gco" xmlns:geonet="http://www.fao.org/geonetwork" xmlns:xsi="http://www.w3.org/2001/XMLSchema-instance" xsi:schemaLocation="http://www.isotc211.org/2005/gmd http://standards.iso.org/ittf/PubliclyAvailableStandards/ISO_19139_Schemas/gmd/gmd.xsd"><gmd:fileIdentifier><gco:CharacterString>R_EMIRO:SRQCE</gco:CharacterString></gmd:fileIdentifier><gmd:language><gmd:LanguageCode codeList="http://www.loc.gov/standards/iso639-2" codeListValue="ita">ita</gmd:LanguageCode></gmd:language><gmd:characterSet><gmd:MD_CharacterSetCode codeList="http://standards.iso.org/ittf/PubliclyAvailableStandards/ISO_19139_Schemas/resources/Codelist/gmxCodelists.xml#MD_CharacterSetCode" codeListValue="utf8">UTF8</gmd:MD_CharacterSetCode></gmd:characterSet><gmd:parentIdentifier><gco:CharacterString>R_EMIRO:SRQCE</gco:CharacterString></gmd:parentIdentifier><gmd:hierarchyLevel><gmd:MD_ScopeCode codeList="http://standards.iso.org/ittf/PubliclyAvailableStandards/ISO_19139_Schemas/resources/Codelist/gmxCodelists.xml#MD_ScopeCode" codeListValue="dataset">dataset</gmd:MD_ScopeCode></gmd:hierarchyLevel><gmd:contact><gmd:CI_ResponsibleParty><gmd:individualName><gco:CharacterString>Stefano Olivucci</gco:CharacterString></gmd:individualName><gmd:organisationName><gco:CharacterString>Servizio statistica e informazione geografica - Regione Emilia-Romagna</gco:CharacterString></gmd:organisationName><gmd:contactInfo><gmd:CI_Contact><gmd:phone><gmd:CI_Telephone><gmd:voice><gco:CharacterString>051 527 4884</gco:CharacterString></gmd:voice></gmd:CI_Telephone></gmd:phone><gmd:address><gmd:CI_Address><gmd:deliveryPoint><gco:CharacterString>Viale Silvani 4/3</gco:CharacterString></gmd:deliveryPoint><gmd:city><gco:CharacterString>Bologna</gco:CharacterString></gmd:city><gmd:postalCode><gco:CharacterString>40121</gco:CharacterString></gmd:postalCode><gmd:country><gco:CharacterString>ITA</gco:CharacterString></gmd:country><gmd:electronicMailAddress><gco:CharacterString>solivucci@regione.emilia-romagna.it</gco:CharacterString></gmd:electronicMailAddress></gmd:CI_Address></gmd:address></gmd:CI_Contact></gmd:contactInfo><gmd:role><gmd:CI_RoleCode codeList="http://standards.iso.org/ittf/PubliclyAvailableStandards/ISO_19139_Schemas/resources/Codelist/gmxCodelists.xml#MD_ScopeCode" codeListValue="pointOfContact">pointOfContact</gmd:CI_RoleCode></gmd:role></gmd:CI_ResponsibleParty></gmd:contact><gmd:dateStamp><gco:DateTime>2014-03-03T14:37:13</gco:DateTime></gmd:dateStamp><gmd:metadataStandardName><gco:CharacterString>ISO19115:2003 TC1:2006</gco:CharacterString></gmd:metadataStandardName><gmd:metadataStandardVersion><gco:CharacterString>RNDT 1.0</gco:CharacterString></gmd:metadataStandardVersion><gmd:referenceSystemInfo><gmd:MD_ReferenceSystem><gmd:referenceSystemIdentifier><gmd:RS_Identifier><gmd:code><gco:CharacterString>ROMA40/OVEST</gco:CharacterString></gmd:code><gmd:codeSpace><gco:CharacterString>http://www.epsg-registry.org/export.htm?gml=urn:ogc:def:crs:EPSG::3003</gco:CharacterString></gmd:codeSpace></gmd:RS_Identifier></gmd:referenceSystemIdentifier></gmd:MD_ReferenceSystem></gmd:referenceSystemInfo><gmd:identificationInfo><gmd:MD_DataIdentification><gmd:citation><gmd:CI_Citation><gmd:title><gco:CharacterString>DBTR2013 - Provincia - (PRV_GPG)</gco:CharacterString></gmd:title><gmd:date><gmd:CI_Date><gmd:date><gco:Date>2013</gco:Date></gmd:date><gmd:dateType><gmd:CI_DateTypeCode codeList="http://standards.iso.org/ittf/PubliclyAvailableStandards/ISO_19139_Schemas/resources/Codelist/gmxCodelists.xml#CI_DateTypeCode" codeListValue="publication">publication</gmd:CI_DateTypeCode></gmd:dateType></gmd:CI_Date><gmd:CI_Date><gmd:date><gco:Date>31-12-2010</gco:Date></gmd:date><gmd:dateType><gmd:CI_DateTypeCode codeList="http://standards.iso.org/ittf/PubliclyAvailableStandards/ISO_19139_Schemas/resources/Codelist/gmxCodelists.xml#CI_DateTypeCode" codeListValue="revision">publication</gmd:CI_DateTypeCode></gmd:dateType></gmd:CI_Date></gmd:date><gmd:identifier><gmd:RS_Identifier><gmd:code><gco:CharacterString>R_EMIRO:VKJUB</gco:CharacterString></gmd:code></gmd:RS_Identifier></gmd:identifier><gmd:citedResponsibleParty><gmd:CI_ResponsibleParty><gmd:individualName><gco:CharacterString>Regione Emilia-Romagna</gco:CharacterString></gmd:individualName><gmd:organisationName><gco:CharacterString>Regione Emilia-Romagna</gco:CharacterString></gmd:organisationName><gmd:contactInfo><gmd:CI_Contact><gmd:phone><gmd:CI_Telephone><gmd:voice><gco:CharacterString>n.d.</gco:CharacterString></gmd:voice></gmd:CI_Telephone></gmd:phone><gmd:address><gmd:CI_Address><gmd:deliveryPoint><gco:CharacterString>Via Aldo Moro, 18</gco:CharacterString></gmd:deliveryPoint><gmd:city><gco:CharacterString>Bologna</gco:CharacterString></gmd:city><gmd:administrativeArea><gco:CharacterString>Regione</gco:CharacterString></gmd:administrativeArea><gmd:postalCode><gco:CharacterString>40127</gco:CharacterString></gmd:postalCode><gmd:country><gco:CharacterString>ITA</gco:CharacterString></gmd:country><gmd:electronicMailAddress><gco:CharacterString>n.d.</gco:CharacterString></gmd:electronicMailAddress></gmd:CI_Address></gmd:address><gmd:onlineResource><gmd:CI_OnlineResource><gmd:linkage><gmd:URL>http://www.regione.emilia-romagna.it</gmd:URL></gmd:linkage></gmd:CI_OnlineResource></gmd:onlineResource></gmd:CI_Contact></gmd:contactInfo><gmd:role><gmd:CI_RoleCode codeList="http://standards.iso.org/ittf/PubliclyAvailableStandards/ISO_19139_Schemas/resources/Codelist/gmxCodelists.xml#MD_ScopeCode" codeListValue="owner">owner</gmd:CI_RoleCode></gmd:role></gmd:CI_ResponsibleParty></gmd:citedResponsibleParty><gmd:citedResponsibleParty><gmd:CI_ResponsibleParty><gmd:individualName><gco:CharacterString>Servizio Statistica e Informazione geografica</gco:CharacterString></gmd:individualName><gmd:organisationName><gco:CharacterString>Regione Emilia-Romagna</gco:CharacterString></gmd:organisationName><gmd:contactInfo><gmd:CI_Contact><gmd:phone><gmd:CI_Telephone><gmd:voice><gco:CharacterString>0515273313</gco:CharacterString></gmd:voice><gmd:facsimile><gco:CharacterString>0515273247</gco:CharacterString></gmd:facsimile></gmd:CI_Telephone></gmd:phone><gmd:address><gmd:CI_Address><gmd:deliveryPoint><gco:CharacterString>Viale Aldo Moro, 52</gco:CharacterString></gmd:deliveryPoint><gmd:city><gco:CharacterString>Bologna</gco:CharacterString></gmd:city><gmd:administrativeArea><gco:CharacterString>BO</gco:CharacterString></gmd:administrativeArea><gmd:postalCode><gco:CharacterString>40127</gco:CharacterString></gmd:postalCode><gmd:country><gco:CharacterString>ITA</gco:CharacterString></gmd:country><gmd:electronicMailAddress><gco:CharacterString>Serviziostatistica@regione.emilia-romagna.it</gco:CharacterString></gmd:electronicMailAddress></gmd:CI_Address></gmd:address><gmd:onlineResource><gmd:CI_OnlineResource><gmd:linkage><gmd:URL>http://www.regione.emilia-romagna.it/</gmd:URL></gmd:linkage></gmd:CI_OnlineResource></gmd:onlineResource></gmd:CI_Contact></gmd:contactInfo><gmd:role><gmd:CI_RoleCode codeList="http://standards.iso.org/ittf/PubliclyAvailableStandards/ISO_19139_Schemas/resources/Codelist/gmxCodelists.xml#MD_ScopeCode" codeListValue="author">author</gmd:CI_RoleCode></gmd:role></gmd:CI_ResponsibleParty></gmd:citedResponsibleParty><gmd:presentationForm><gmd:CI_PresentationFormCode codeList="http://standards.iso.org/ittf/PubliclyAvailableStandards/ISO_19139_Schemas/resources/Codelist/gmxCodelists.xml#CI_PresentationFormCode" codeListValue="mapDigital">mapDigital</gmd:CI_PresentationFormCode></gmd:presentationForm><gmd:series><gmd:CI_Series><gmd:issueIdentification><gco:CharacterString>R_EMIRO:XVRVB</gco:CharacterString></gmd:issueIdentification></gmd:CI_Series></gmd:series><gmd:otherCitationDetails><gco:CharacterString>Comprende i territori provinciali e ne qualifica le eventuali isole amministrative o le porzioni in contestazione</gco:CharacterString></gmd:otherCitationDetails></gmd:CI_Citation></gmd:citation><gmd:abstract><gco:CharacterString>Definisce la superficie di una Provincia come composizione delle relative superfici Comunali</gco:CharacterString></gmd:abstract><gmd:pointOfContact><gmd:CI_ResponsibleParty><gmd:individualName><gco:CharacterString>Archivio Cartografico</gco:CharacterString></gmd:individualName><gmd:organisationName><gco:CharacterString>Regione Emilia-Romagna</gco:CharacterString></gmd:organisationName><gmd:contactInfo><gmd:CI_Contact><gmd:phone><gmd:CI_Telephone><gmd:voice><gco:CharacterString>051/649.32.30</gco:CharacterString></gmd:voice><gmd:facsimile><gco:CharacterString>051/528.00.42</gco:CharacterString></gmd:facsimile></gmd:CI_Telephone></gmd:phone><gmd:address><gmd:CI_Address><gmd:deliveryPoint><gco:CharacterString>Viale Aldo Moro 28-30</gco:CharacterString></gmd:deliveryPoint><gmd:city><gco:CharacterString>Bologna</gco:CharacterString></gmd:city><gmd:administrativeArea><gco:CharacterString>BO</gco:CharacterString></gmd:administrativeArea><gmd:postalCode><gco:CharacterString>40127</gco:CharacterString></gmd:postalCode><gmd:country><gco:CharacterString>ITA</gco:CharacterString></gmd:country><gmd:electronicMailAddress><gco:CharacterString>archiviocart@regione.emilia-romagna.it</gco:CharacterString></gmd:electronicMailAddress></gmd:CI_Address></gmd:address><gmd:onlineResource><gmd:CI_OnlineResource><gmd:linkage><gmd:URL>http://geoportale.regione.emilia-romagna.it/it/mapshop</gmd:URL></gmd:linkage></gmd:CI_OnlineResource></gmd:onlineResource><gmd:hoursOfService><gco:CharacterString>da lunedi a venerdi, dalle ore 9,00 - 16,00</gco:CharacterString></gmd:hoursOfService></gmd:CI_Contact></gmd:contactInfo><gmd:role><gmd:CI_RoleCode codeList="http://standards.iso.org/ittf/PubliclyAvailableStandards/ISO_19139_Schemas/resources/Codelist/gmxCodelists.xml#MD_ScopeCode" codeListValue="pointOfContact">pointOfContact</gmd:CI_RoleCode></gmd:role></gmd:CI_ResponsibleParty></gmd:pointOfContact><gmd:graphicOverview><gmd:MD_BrowseGraphic><gmd:fileName><gco:CharacterString>http://www3.regione.emilia-romagna.it/archiviogis/sig/images/bookshop/carto/dbtr2008_prv_gpg.png</gco:CharacterString></gmd:fileName><gmd:fileType><gco:CharacterString>PNG</gco:CharacterString></gmd:fileType></gmd:MD_BrowseGraphic></gmd:graphicOverview><gmd:descriptiveKeywords><gmd:MD_Keywords><gmd:keyword><gco:CharacterString>sistema informativo geografico</gco:CharacterString></gmd:keyword><gmd:keyword><gco:CharacterString>cartografia</gco:CharacterString></gmd:keyword><gmd:type><gmd:MD_KeywordTypeCode codeList="http://standards.iso.org/ittf/PubliclyAvailableStandards/ISO_19139_Schemas/resources/Codelist/gmxCodelists.xm#MD_KeywordTypeCode" codeListValue="discipline">discipline</gmd:MD_KeywordTypeCode></gmd:type><gmd:thesaurusName><gmd:CI_Citation><gmd:title><gco:CharacterString>GEMET - Concepts, version 3.1</gco:CharacterString></gmd:title><gmd:date><gmd:CI_Date><gmd:date><gco:Date>2012-07-20</gco:Date></gmd:date><gmd:dateType><gmd:CI_DateTypeCode codeList="http://standards.iso.org/ittf/PubliclyAvailableStandards/ISO_19139_Schemas/resources/Codelist/gmxCodelists.xml#CI_DateTypeCode" codeListValue="publication">publication</gmd:CI_DateTypeCode></gmd:dateType></gmd:CI_Date><gmd:CI_Date><gmd:date><gco:Date>31-12-2010</gco:Date></gmd:date><gmd:dateType><gmd:CI_DateTypeCode codeList="http://standards.iso.org/ittf/PubliclyAvailableStandards/ISO_19139_Schemas/resources/Codelist/gmxCodelists.xml#CI_DateTypeCode" codeListValue="revision">publication</gmd:CI_DateTypeCode></gmd:dateType></gmd:CI_Date></gmd:date></gmd:CI_Citation></gmd:thesaurusName></gmd:MD_Keywords></gmd:descriptiveKeywords><gmd:descriptiveKeywords><gmd:MD_Keywords><gmd:keyword><gco:CharacterString>Enti locali</gco:CharacterString></gmd:keyword><gmd:keyword><gco:CharacterString>Ambiti Amministrativi</gco:CharacterString></gmd:keyword><gmd:keyword><gco:CharacterString>Data Base Topografico</gco:CharacterString></gmd:keyword><gmd:keyword><gco:CharacterString>Cartografia Tecnica Regionale</gco:CharacterString></gmd:keyword><gmd:keyword><gco:CharacterString>Topografia</gco:CharacterString></gmd:keyword><gmd:type><gmd:MD_KeywordTypeCode codeList="http://standards.iso.org/ittf/PubliclyAvailableStandards/ISO_19139_Schemas/resources/Codelist/gmxCodelists.xm#MD_KeywordTypeCode" codeListValue="theme">theme</gmd:MD_KeywordTypeCode></gmd:type><gmd:thesaurusName><gmd:CI_Citation><gmd:title><gco:CharacterString>Regione</gco:CharacterString></gmd:title><gmd:date><gmd:CI_Date><gmd:date><gco:Date>2006</gco:Date></gmd:date><gmd:dateType><gmd:CI_DateTypeCode codeList="http://standards.iso.org/ittf/PubliclyAvailableStandards/ISO_19139_Schemas/resources/Codelist/gmxCodelists.xml#CI_DateTypeCode" codeListValue="publication">publication</gmd:CI_DateTypeCode></gmd:dateType></gmd:CI_Date><gmd:CI_Date><gmd:date><gco:Date>31-12-2010</gco:Date></gmd:date><gmd:dateType><gmd:CI_DateTypeCode codeList="http://standards.iso.org/ittf/PubliclyAvailableStandards/ISO_19139_Schemas/resources/Codelist/gmxCodelists.xml#CI_DateTypeCode" codeListValue="revision">publication</gmd:CI_DateTypeCode></gmd:dateType></gmd:CI_Date></gmd:date></gmd:CI_Citation></gmd:thesaurusName></gmd:MD_Keywords></gmd:descriptiveKeywords><gmd:descriptiveKeywords><gmd:MD_Keywords><gmd:keyword><gco:CharacterString>Unità amministrative</gco:CharacterString></gmd:keyword><gmd:type><gmd:MD_KeywordTypeCode codeList="http://standards.iso.org/ittf/PubliclyAvailableStandards/ISO_19139_Schemas/resources/Codelist/gmxCodelists.xm#MD_KeywordTypeCode" codeListValue="stratum">stratum</gmd:MD_KeywordTypeCode></gmd:type><gmd:thesaurusName><gmd:CI_Citation><gmd:title><gco:CharacterString>GEMET - INSPIRE themes, version 1.0</gco:CharacterString></gmd:title><gmd:date><gmd:CI_Date><gmd:date><gco:Date>2008-06-01</gco:Date></gmd:date><gmd:dateType><gmd:CI_DateTypeCode codeList="http://standards.iso.org/ittf/PubliclyAvailableStandards/ISO_19139_Schemas/resources/Codelist/gmxCodelists.xml#CI_DateTypeCode" codeListValue="publication">publication</gmd:CI_DateTypeCode></gmd:dateType></gmd:CI_Date><gmd:CI_Date><gmd:date><gco:Date>31-12-2010</gco:Date></gmd:date><gmd:dateType><gmd:CI_DateTypeCode codeList="http://standards.iso.org/ittf/PubliclyAvailableStandards/ISO_19139_Schemas/resources/Codelist/gmxCodelists.xml#CI_DateTypeCode" codeListValue="revision">publication</gmd:CI_DateTypeCode></gmd:dateType></gmd:CI_Date></gmd:date></gmd:CI_Citation></gmd:thesaurusName></gmd:MD_Keywords></gmd:descriptiveKeywords><gmd:resourceConstraints><gmd:MD_Constraints><gmd:useLimitation><gco:CharacterString>Licenza CC-BY 2.5</gco:CharacterString></gmd:useLimitation></gmd:MD_Constraints></gmd:resourceConstraints><gmd:resourceConstraints><gmd:MD_LegalConstraints><gmd:accessConstraints><gmd:MD_RestrictionCode codeList="http://standards.iso.org/ittf/PubliclyAvailableStandards/ISO_19139_Schemas/resources/Codelist/gmxCodelists.xm#MD_RestrictionCode" codeListValue="license">license</gmd:MD_RestrictionCode></gmd:accessConstraints><gmd:useConstraints><gmd:MD_RestrictionCode codeList="http://standards.iso.org/ittf/PubliclyAvailableStandards/ISO_19139_Schemas/resources/Codelist/gmxCodelists.xm#MD_RestrictionCode" codeListValue="license">license</gmd:MD_RestrictionCode></gmd:useConstraints></gmd:MD_LegalConstraints></gmd:resourceConstraints><gmd:resourceConstraints><gmd:MD_SecurityConstraints><gmd:classification><gmd:MD_ClassificationCode codeList="http://standards.iso.org/ittf/PubliclyAvailableStandards/ISO_19139_Schemas/resources/Codelist/gmxCodelists.xm#MD_ClassificationCode" codeListValue="unclassified">unclassified</gmd:MD_ClassificationCode></gmd:classification></gmd:MD_SecurityConstraints></gmd:resourceConstraints><gmd:spatialRepresentationType><gmd:MD_SpatialRepresentationTypeCode codeList="http://standards.iso.org/ittf/PubliclyAvailableStandards/ISO_19139_Schemas/resources/Codelist/gmxCodelists.xml#MD_SpatialRepresentationTypeCode" codeListValue="vector">vector</gmd:MD_SpatialRepresentationTypeCode></gmd:spatialRepresentationType><gmd:spatialResolution><gmd:MD_Resolution><gmd:equivalentScale><gmd:MD_RepresentativeFraction><gmd:denominator><gco:Integer>5000</gco:Integer></gmd:denominator></gmd:MD_RepresentativeFraction></gmd:equivalentScale></gmd:MD_Resolution></gmd:spatialResolution><gmd:language><gmd:LanguageCode codeList="http://www.loc.gov/standards/iso639-2" codeListValue="ita">ita</gmd:LanguageCode></gmd:language><gmd:characterSet><gmd:MD_CharacterSetCode codeList="http://standards.iso.org/ittf/PubliclyAvailableStandards/ISO_19139_Schemas/resources/Codelist/gmxCodelists.xml#MD_CharacterSetCode" codeListValue="utf8">UTF8</gmd:MD_CharacterSetCode></gmd:characterSet><gmd:topicCategory><gmd:MD_TopicCategoryCode>boundaries</gmd:MD_TopicCategoryCode></gmd:topicCategory><gmd:topicCategory><gmd:MD_TopicCategoryCode>imageryBaseMapsEarthCover</gmd:MD_TopicCategoryCode></gmd:topicCategory><gmd:extent><gmd:EX_Extent><gmd:description><gco:CharacterString>Regione Emilia Romagna ETRS89 / UTM Zone 32N</gco:CharacterString></gmd:description><gmd:geographicElement><gmd:EX_GeographicBoundingBox><gmd:westBoundLongitude><gco:Decimal>9.195151</gco:Decimal></gmd:westBoundLongitude><gmd:eastBoundLongitude><gco:Decimal>12.82832665</gco:Decimal></gmd:eastBoundLongitude><gmd:southBoundLatitude><gco:Decimal>43.77527028</gco:Decimal></gmd:southBoundLatitude><gmd:northBoundLatitude><gco:Decimal>45.07853062</gco:Decimal></gmd:northBoundLatitude></gmd:EX_GeographicBoundingBox></gmd:geographicElement><gmd:geographicElement><gmd:EX_GeographicDescription><gmd:geographicIdentifier><gmd:RS_Identifier><gmd:code><gco:CharacterString>X5090</gco:CharacterString></gmd:code></gmd:RS_Identifier></gmd:geographicIdentifier></gmd:EX_GeographicDescription></gmd:geographicElement><gmd:temporalElement><gmd:EX_TemporalExtent><gmd:extent><gml:TimePeriod gml:id="TP1"><gml:beginPosition>1972</gml:beginPosition><gml:endPosition>2009</gml:endPosition></gml:TimePeriod></gmd:extent></gmd:EX_TemporalExtent></gmd:temporalElement></gmd:EX_Extent></gmd:extent></gmd:MD_DataIdentification></gmd:identificationInfo><gmd:distributionInfo><gmd:MD_Distribution><gmd:distributionFormat><gmd:MD_Format><gmd:name><gco:CharacterString>SHP</gco:CharacterString></gmd:name><gmd:version><gco:CharacterString>Ver1000</gco:CharacterString></gmd:version></gmd:MD_Format></gmd:distributionFormat><gmd:distributionFormat><gmd:MD_Format><gmd:name><gco:CharacterString>Vettoriale</gco:CharacterString></gmd:name><gmd:version><gco:CharacterString>Ver1000</gco:CharacterString></gmd:version></gmd:MD_Format></gmd:distributionFormat><gmd:distributionFormat><gmd:MD_Format><gmd:name><gco:CharacterString>WMS</gco:CharacterString></gmd:name><gmd:version><gco:CharacterString>Ver1000</gco:CharacterString></gmd:version></gmd:MD_Format></gmd:distributionFormat><gmd:distributor><gmd:MD_Distributor><gmd:distributorContact><gmd:CI_ResponsibleParty><gmd:individualName><gco:CharacterString>Archivio Cartografico</gco:CharacterString></gmd:individualName><gmd:organisationName><gco:CharacterString>Regione Emilia-Romagna</gco:CharacterString></gmd:organisationName><gmd:contactInfo><gmd:CI_Contact><gmd:phone><gmd:CI_Telephone><gmd:voice><gco:CharacterString>051/649.32.30</gco:CharacterString></gmd:voice><gmd:facsimile><gco:CharacterString>051/528.00.42</gco:CharacterString></gmd:facsimile></gmd:CI_Telephone></gmd:phone><gmd:address><gmd:CI_Address><gmd:deliveryPoint><gco:CharacterString>Viale Aldo Moro 28-30</gco:CharacterString></gmd:deliveryPoint><gmd:city><gco:CharacterString>Bologna</gco:CharacterString></gmd:city><gmd:administrativeArea><gco:CharacterString>BO</gco:CharacterString></gmd:administrativeArea><gmd:postalCode><gco:CharacterString>40127</gco:CharacterString></gmd:postalCode><gmd:country><gco:CharacterString>ITA</gco:CharacterString></gmd:country><gmd:electronicMailAddress><gco:CharacterString>archiviocart@regione.emilia-romagna.it</gco:CharacterString></gmd:electronicMailAddress></gmd:CI_Address></gmd:address><gmd:onlineResource><gmd:CI_OnlineResource><gmd:linkage><gmd:URL>http://geoportale.regione.emilia-romagna.it/it/mapshop</gmd:URL></gmd:linkage></gmd:CI_OnlineResource></gmd:onlineResource><gmd:hoursOfService><gco:CharacterString>da lunedi a venerdi, dalle ore 9,00 - 16,00</gco:CharacterString></gmd:hoursOfService></gmd:CI_Contact></gmd:contactInfo><gmd:role><gmd:CI_RoleCode codeList="http://standards.iso.org/ittf/PubliclyAvailableStandards/ISO_19139_Schemas/resources/Codelist/gmxCodelists.xml#MD_ScopeCode" codeListValue="distributor">distributor</gmd:CI_RoleCode></gmd:role></gmd:CI_ResponsibleParty></gmd:distributorContact><gmd:distributionOrderProcess><gmd:MD_StandardOrderProcess><gmd:fees><gco:CharacterString>Non in vendita</gco:CharacterString></gmd:fees></gmd:MD_StandardOrderProcess></gmd:distributionOrderProcess></gmd:MD_Distributor></gmd:distributor><gmd:transferOptions><gmd:MD_DigitalTransferOptions><gmd:onLine><gmd:CI_OnlineResource><gmd:linkage><gmd:URL>http://geoportale.regione.emilia-romagna.it/it/catalogo/dati-cartografici/cartografia-di-base/database-topografico-regionale/ambito-amministrativo/ambiti-amministrativi-enti-locali/provincia-dbtr-prv_gpg</gmd:URL></gmd:linkage><gmd:protocol><gco:CharacterString>http</gco:CharacterString></gmd:protocol><gmd:name><gco:CharacterString>MapShop</gco:CharacterString></gmd:name><gmd:description><gco:CharacterString>MapShop del Geoportale della Regione Emilia-Romagna</gco:CharacterString></gmd:description><gmd:function><gmd:CI_OnLineFunctionCode codeList="http://standards.iso.org/ittf/PubliclyAvailableStandards/ISO_19139_Schemas/resources/Codelist/gmxCodelists.xml#CI_OnLineFunctionCode" codeListValue="order">order</gmd:CI_OnLineFunctionCode></gmd:function></gmd:CI_OnlineResource></gmd:onLine><gmd:onLine><gmd:CI_OnlineResource><gmd:linkage><gmd:URL>http://www3.regione.emilia-romagna.it/archiviogis/dbtr/Documenti/specifiche_di_contenuto_dbtr.pdf</gmd:URL></gmd:linkage><gmd:protocol><gco:CharacterString>pdf</gco:CharacterString></gmd:protocol><gmd:name><gco:CharacterString>Specifica della classe Provincia</gco:CharacterString></gmd:name><gmd:description><gco:CharacterString>Documento di specifica concettuale della classe Provincia</gco:CharacterString></gmd:description><gmd:function><gmd:CI_OnLineFunctionCode codeList="http://standards.iso.org/ittf/PubliclyAvailableStandards/ISO_19139_Schemas/resources/Codelist/gmxCodelists.xml#CI_OnLineFunctionCode" codeListValue="information">information</gmd:CI_OnLineFunctionCode></gmd:function></gmd:CI_OnlineResource></gmd:onLine><gmd:onLine><gmd:CI_OnlineResource><gmd:linkage><gmd:URL>http://servizigis.regione.emilia-romagna.it/wms/dbtr</gmd:URL></gmd:linkage><gmd:applicationProfile><gco:CharacterString>wms</gco:CharacterString></gmd:applicationProfile><gmd:name><gco:CharacterString>dbtr</gco:CharacterString></gmd:name><gmd:description><gco:CharacterString>WMS del Database Topografico Regionale release corrente</gco:CharacterString></gmd:description><gmd:function><gmd:CI_OnLineFunctionCode codeList="http://standards.iso.org/ittf/PubliclyAvailableStandards/ISO_19139_Schemas/resources/Codelist/gmxCodelists.xml#CI_OnLineFunctionCode" codeListValue="information">information</gmd:CI_OnLineFunctionCode></gmd:function></gmd:CI_OnlineResource></gmd:onLine></gmd:MD_DigitalTransferOptions></gmd:transferOptions><gmd:transferOptions><gmd:MD_DigitalTransferOptions/></gmd:transferOptions></gmd:MD_Distribution></gmd:distributionInfo><gmd:dataQualityInfo><gmd:DQ_DataQuality><gmd:scope><gmd:DQ_Scope><gmd:level><gmd:MD_ScopeCode codeList="http://standards.iso.org/ittf/PubliclyAvailableStandards/ISO_19139_Schemas/resources/Codelist/gmxCodelists.xml#MD_ScopeCode" codeListValue="dataset">dataset</gmd:MD_ScopeCode></gmd:level></gmd:DQ_Scope></gmd:scope><gmd:report><gmd:DQ_AbsoluteExternalPositionalAccuracy><gmd:result><gmd:DQ_QuantitativeResult><gmd:valueUnit><gml:BaseUnit gml:id="m"><gml:identifier codeSpace="http://www.bipm.fr/en/si/base_units">metre</gml:identifier><gml:unitsSystem xlink:href="http://www.bipm.fr"/></gml:BaseUnit></gmd:valueUnit><gmd:value><gco:Record>4</gco:Record></gmd:value></gmd:DQ_QuantitativeResult></gmd:result></gmd:DQ_AbsoluteExternalPositionalAccuracy></gmd:report><gmd:report><gmd:DQ_DomainConsistency><gmd:result><gmd:DQ_ConformanceResult><gmd:specification><gmd:CI_Citation><gmd:title><gco:CharacterString>Capitolato tecnico per la realizzazione dell'aggiornamento 2008 del DB dell'Uso del Suolo e per il completamento e aggiornamento del DB Topografico</gco:CharacterString></gmd:title><gmd:date><gmd:CI_Date><gmd:date><gco:Date>2008-06-01</gco:Date></gmd:date><gmd:dateType><gmd:CI_DateTypeCode codeList="http://standards.iso.org/ittf/PubliclyAvailableStandards/ISO_19139_Schemas/resources/Codelist/gmxCodelists.xml#CI_DateTypeCode" codeListValue="publication">publication</gmd:CI_DateTypeCode></gmd:dateType></gmd:CI_Date></gmd:date></gmd:CI_Citation></gmd:specification><gmd:explanation><gco:CharacterString>Capitolato tecnico per la realizzazione dell'aggiornamento 2008 del DB dell'Uso del Suolo e per il completamento e aggiornamento del DB Topografico</gco:CharacterString></gmd:explanation><gmd:pass><gco:Boolean>true</gco:Boolean></gmd:pass></gmd:DQ_ConformanceResult></gmd:result><gmd:result><gmd:DQ_ConformanceResult><gmd:specification><gmd:CI_Citation><gmd:title><gco:CharacterString>REGOLAMENTO (UE) N. 1089/2010 DELLA COMMISSIONE del 23 novembre 2010 recante attuazione della direttiva 2007/2/CE del Parlamento europeo e del Consiglio per quanto riguarda l'interoperabilità dei set di dati territoriali e dei servizi di dati territoriali</gco:CharacterString></gmd:title><gmd:alternateTitle><gco:CharacterString>INSPIRE Data Specification</gco:CharacterString></gmd:alternateTitle><gmd:date><gmd:CI_Date><gmd:date><gco:Date>2010-12-08</gco:Date></gmd:date><gmd:dateType><gmd:CI_DateTypeCode codeList="http://standards.iso.org/ittf/PubliclyAvailableStandards/ISO_19139_Schemas/resources/Codelist/gmxCodelists.xml#CI_DateTypeCode" codeListValue="publication">publication</gmd:CI_DateTypeCode></gmd:dateType></gmd:CI_Date></gmd:date></gmd:CI_Citation></gmd:specification><gmd:explanation><gco:CharacterString>INSPIRE Data Specification</gco:CharacterString></gmd:explanation><gmd:pass><gco:Boolean>false</gco:Boolean></gmd:pass></gmd:DQ_ConformanceResult></gmd:result></gmd:DQ_DomainConsistency></gmd:report><gmd:lineage><gmd:LI_Lineage><gmd:statement><gco:CharacterString>La fonte corrisponde alla versione 2010 dei Limiti Comunali regionali.</gco:CharacterString></gmd:statement></gmd:LI_Lineage></gmd:lineage></gmd:DQ_DataQuality></gmd:dataQualityInfo></gmd:MD_Metadata>
